V1,V2,V3,File,ROTATE_0
LABELS,85.502784729,Fish,12227_tapir.jpg,
LABELS,85.502784729,Manta Ray,12227_tapir.jpg,
LABELS,85.502784729,Sea Life,12227_tapir.jpg,
LABELS,85.502784729,Stingray,12227_tapir.jpg,
LABELS,85.502784729,Stingray Fish,12227_tapir.jpg,
LABELS,70.3408889771,Algae,12227_tapir.jpg,
LABELS,50.7867279053,Animal,12227_tapir.jpg,
LABELS,50.7867279053,Boar,12227_tapir.jpg,
LABELS,50.7867279053,Hog,12227_tapir.jpg,
LABELS,50.7867279053,Mammal,12227_tapir.jpg,
LABELS,50.7867279053,Pig,12227_tapir.jpg,
LABELS,88.0246582031,Fish,12231_porcupine.jpg,
LABELS,88.0246582031,Sea Life,12231_porcupine.jpg,
LABELS,88.0246582031,Sturgeon,12231_porcupine.jpg,
LABELS,56.6273994446,Field,12231_porcupine.jpg,
LABELS,56.6273994446,Grass,12231_porcupine.jpg,
LABELS,56.6273994446,Grassland,12231_porcupine.jpg,
LABELS,56.6273994446,Plant,12231_porcupine.jpg,
LABELS,55.4377784729,Road,12231_porcupine.jpg,
LABELS,54.1629180908,Ground,12231_porcupine.jpg,
LABELS,54.1629180908,Soil,12231_porcupine.jpg,
LABELS,50.7886276245,Intersection,12231_porcupine.jpg,
LABELS,50.7739257812,City,12231_porcupine.jpg,
LABELS,50.7739257812,Downtown,12231_porcupine.jpg,
LABELS,95.6489181519,Bird,3743-2.JPG,
LABELS,95.6489181519,Grouse,3743-2.JPG,
LABELS,51.4678955078,Outdoors,3743-2.JPG,
LABELS,56.616027832,Bird,ave rapaz-3734-19.JPG,
LABELS,56.616027832,Buzzard,ave rapaz-3734-19.JPG,
LABELS,56.616027832,Harrier,ave rapaz-3734-19.JPG,
LABELS,56.616027832,Hawk,ave rapaz-3734-19.JPG,
LABELS,56.616027832,Vulture,ave rapaz-3734-19.JPG,
LABELS,54.7910385132,Bush,ave rapaz-3734-19.JPG,
LABELS,54.7910385132,Plant,ave rapaz-3734-19.JPG,
LABELS,54.7910385132,Vegetation,ave rapaz-3734-19.JPG,
LABELS,51.390083313,Forest,ave rapaz-3734-19.JPG,
LABELS,51.390083313,Jungle,ave rapaz-3734-19.JPG,
LABELS,51.2151641846,Grouse,ave rapaz-3734-19.JPG,
LABELS,51.2151641846,Ptarmigan,ave rapaz-3734-19.JPG,
LABELS,99.2779922485,Animal,Cchinga B-Rancho Chico 3715-14.JPG,
LABELS,99.2779922485,Mammal,Cchinga B-Rancho Chico 3715-14.JPG,
LABELS,99.2779922485,Skunk,Cchinga B-Rancho Chico 3715-14.JPG,
LABELS,83.6076965332,Cat,Cchinga B-Rancho Chico 3715-14.JPG,
LABELS,83.6076965332,Pet,Cchinga B-Rancho Chico 3715-14.JPG,
LABELS,92.6087646484,Bird,chunga 3728-5.JPG,
LABELS,92.6087646484,Crane Bird,chunga 3728-5.JPG,
LABELS,92.6087646484,Heron,chunga 3728-5.JPG,
LABELS,74.4465942383,Duck,chunga 3728-5.JPG,
LABELS,74.4465942383,Teal,chunga 3728-5.JPG,
LABELS,74.4465942383,Waterfowl,chunga 3728-5.JPG,
LABELS,52.2363777161,Goose,chunga 3728-5.JPG,
LABELS,50.7374572754,Plant,chunga 3728-5.JPG,
LABELS,50.7374572754,Vegetation,chunga 3728-5.JPG,
LABELS,52.8669891357,Bird,chunga 3728-7.JPG,
LABELS,52.8669891357,Crane Bird,chunga 3728-7.JPG,
LABELS,52.8669891357,Heron,chunga 3728-7.JPG,
LABELS,51.7009277344,Forest,chunga 3728-7.JPG,
LABELS,51.7009277344,Jungle,chunga 3728-7.JPG,
LABELS,51.1920852661,Outdoors,chunga 3728-7.JPG,
LABELS,50.912071228,Rainforest,chunga 3728-7.JPG,
LABELS,50.912071228,Vegetation,chunga 3728-7.JPG,
LABELS,77.5163345337,Animal,Dazarae BP-18000 3742-21.JPG,
LABELS,77.5163345337,Canine,Dazarae BP-18000 3742-21.JPG,
LABELS,77.5163345337,Coyote,Dazarae BP-18000 3742-21.JPG,
LABELS,77.5163345337,Grey Fox,Dazarae BP-18000 3742-21.JPG,
LABELS,77.5163345337,Mammal,Dazarae BP-18000 3742-21.JPG,
LABELS,77.5163345337,Red Wolf,Dazarae BP-18000 3742-21.JPG,
LABELS,75.627784729,Outdoors,Dazarae BP-18000 3742-21.JPG,
LABELS,75.627784729,Wilderness,Dazarae BP-18000 3742-21.JPG,
LABELS,75.091293335,Deer,Dazarae BP-18000 3742-21.JPG,
LABELS,75.091293335,Wildlife,Dazarae BP-18000 3742-21.JPG,
LABELS,67.3286819458,Rodent,Dazarae BP-18000 3742-21.JPG,
LABELS,65.9682769775,Squirrel,Dazarae BP-18000 3742-21.JPG,
LABELS,52.3754425049,Field,Dazarae BP-18000 3742-21.JPG,
LABELS,52.3754425049,Grass,Dazarae BP-18000 3742-21.JPG,
LABELS,52.3754425049,Grassland,Dazarae BP-18000 3742-21.JPG,
LABELS,52.3754425049,Plant,Dazarae BP-18000 3742-21.JPG,
LABELS,51.1733779907,Vegetation,Dazarae BP-18000 3742-21.JPG,
LABELS,92.4512557983,Algae,ECU-004-D0001-I000005.jpeg,
LABELS,99.3237838745,Animal,ECU-004-D0001-I000006.jpeg,
LABELS,99.3237838745,Leopard,ECU-004-D0001-I000006.jpeg,
LABELS,99.3237838745,Mammal,ECU-004-D0001-I000006.jpeg,
LABELS,99.3237838745,Ocelot,ECU-004-D0001-I000006.jpeg,
LABELS,80.5117721558,Abyssinian,ECU-004-D0001-I000006.jpeg,
LABELS,80.5117721558,Cat,ECU-004-D0001-I000006.jpeg,
LABELS,80.5117721558,Pet,ECU-004-D0001-I000006.jpeg,
LABELS,79.3652267456,Giraffe,ECU-004-D0001-I000006.jpeg,
LABELS,52.6571464539,Gecko,ECU-004-D0001-I000006.jpeg,
LABELS,52.6571464539,Lizard,ECU-004-D0001-I000006.jpeg,
LABELS,52.6571464539,Reptile,ECU-004-D0001-I000006.jpeg,
LABELS,52.6571464539,Wildlife,ECU-004-D0001-I000006.jpeg,
LABELS,51.9219169617,Jaguar,ECU-004-D0001-I000006.jpeg,
LABELS,50.504070282,Forest,ECU-004-D0001-I000006.jpeg,
LABELS,50.504070282,Jungle,ECU-004-D0001-I000006.jpeg,
LABELS,82.8603363037,Forest,GRID5-2015-07-22_13-44-07-CAM41978.jpg,
LABELS,82.8603363037,Grove,GRID5-2015-07-22_13-44-07-CAM41978.jpg,
LABELS,82.8603363037,Land,GRID5-2015-07-22_13-44-07-CAM41978.jpg,
LABELS,65.1170425415,Vegetation,GRID5-2015-07-22_13-44-07-CAM41978.jpg,
LABELS,60.731212616,Animal,GRID5-2015-07-22_13-44-07-CAM41978.jpg,
LABELS,60.731212616,Bear,GRID5-2015-07-22_13-44-07-CAM41978.jpg,
LABELS,60.731212616,Black Bear,GRID5-2015-07-22_13-44-07-CAM41978.jpg,
LABELS,60.731212616,Mammal,GRID5-2015-07-22_13-44-07-CAM41978.jpg,
LABELS,51.0958862305,Jungle,GRID5-2015-07-22_13-44-07-CAM41978.jpg,
LABELS,50.7844619751,Plant,GRID5-2015-07-22_13-44-07-CAM41978.jpg,
LABELS,97.7840118408,Animal,herpailurus rojo 2478-2 zona guanaco.JPG,
LABELS,97.7840118408,Canine,herpailurus rojo 2478-2 zona guanaco.JPG,
LABELS,97.7840118408,Fox,herpailurus rojo 2478-2 zona guanaco.JPG,
LABELS,97.7840118408,Mammal,herpailurus rojo 2478-2 zona guanaco.JPG,
LABELS,97.7840118408,Red Fox,herpailurus rojo 2478-2 zona guanaco.JPG,
LABELS,91.5902481079,Grey Fox,herpailurus rojo 2478-2 zona guanaco.JPG,
LABELS,91.5902481079,Kit Fox,herpailurus rojo 2478-2 zona guanaco.JPG,
LABELS,88.1917572021,Coyote,herpailurus rojo 2478-2 zona guanaco.JPG,
LABELS,88.1917572021,Red Wolf,herpailurus rojo 2478-2 zona guanaco.JPG,
LABELS,84.2968139648,Animal,Herpailurus yagouaroundi 2493-3.JPG,
LABELS,84.2968139648,Canine,Herpailurus yagouaroundi 2493-3.JPG,
LABELS,84.2968139648,Coyote,Herpailurus yagouaroundi 2493-3.JPG,
LABELS,84.2968139648,Grey Fox,Herpailurus yagouaroundi 2493-3.JPG,
LABELS,84.2968139648,Mammal,Herpailurus yagouaroundi 2493-3.JPG,
LABELS,84.2968139648,Red Wolf,Herpailurus yagouaroundi 2493-3.JPG,
LABELS,99.2270584106,Animal,IMG_0007.JPG,
LABELS,99.2270584106,Baboon,IMG_0007.JPG,
LABELS,99.2270584106,Mammal,IMG_0007.JPG,
LABELS,99.2270584106,Monkey,IMG_0007.JPG,
LABELS,88.4433898926,Canine,IMG_0007.JPG,
LABELS,88.4433898926,Coyote,IMG_0007.JPG,
LABELS,88.4433898926,Grey Fox,IMG_0007.JPG,
LABELS,88.4433898926,Red Wolf,IMG_0007.JPG,
LABELS,54.9162521362,Field,IMG_0007.JPG,
LABELS,99.0084075928,Animal,IMG_0008.JPG,
LABELS,99.0084075928,Baboon,IMG_0008.JPG,
LABELS,99.0084075928,Mammal,IMG_0008.JPG,
LABELS,99.0084075928,Monkey,IMG_0008.JPG,
LABELS,82.775718689,Field,IMG_0008.JPG,
LABELS,53.2864265442,Bush,IMG_0008.JPG,
LABELS,53.2864265442,Plant,IMG_0008.JPG,
LABELS,53.2864265442,Vegetation,IMG_0008.JPG,
LABELS,50.8765296936,Countryside,IMG_0008.JPG,
LABELS,50.8765296936,Outdoors,IMG_0008.JPG,
LABELS,50.8324966431,Soil,IMG_0008.JPG,
LABELS,95.1108551025,Animal,IMG_0009.JPG,
LABELS,95.1108551025,Baboon,IMG_0009.JPG,
LABELS,95.1108551025,Mammal,IMG_0009.JPG,
LABELS,95.1108551025,Monkey,IMG_0009.JPG,
LABELS,79.574798584,Grassland,IMG_0009.JPG,
LABELS,79.574798584,Outdoors,IMG_0009.JPG,
LABELS,79.574798584,Savanna,IMG_0009.JPG,
LABELS,55.5021362305,Bush,IMG_0009.JPG,
LABELS,55.5021362305,Plant,IMG_0009.JPG,
LABELS,55.5021362305,Vegetation,IMG_0009.JPG,
LABELS,54.2446022034,Canine,IMG_0009.JPG,
LABELS,54.2446022034,Coyote,IMG_0009.JPG,
LABELS,54.2446022034,Grey Fox,IMG_0009.JPG,
LABELS,54.2446022034,Red Wolf,IMG_0009.JPG,
LABELS,98.7681427002,Animal,IMG_0017.JPG,
LABELS,98.7681427002,Mammal,IMG_0017.JPG,
LABELS,98.7681427002,Zebra,IMG_0017.JPG,
LABELS,76.288772583,Tunnel,IMG_0017.JPG,
LABELS,99.1428756714,Animal,IMG_0018.JPG,
LABELS,99.1428756714,Mammal,IMG_0018.JPG,
LABELS,99.1428756714,Zebra,IMG_0018.JPG,
LABELS,58.15782547,Tunnel,IMG_0018.JPG,
LABELS,99.1001663208,Animal,IMG_0019.JPG,
LABELS,99.1001663208,Mammal,IMG_0019.JPG,
LABELS,99.1001663208,Zebra,IMG_0019.JPG,
LABELS,99.1479110718,Animal,IMG_0020.JPG,
LABELS,99.1479110718,Mammal,IMG_0020.JPG,
LABELS,99.1479110718,Zebra,IMG_0020.JPG,
LABELS,99.16771698,Animal,IMG_0021.JPG,
LABELS,99.16771698,Mammal,IMG_0021.JPG,
LABELS,99.16771698,Zebra,IMG_0021.JPG,
LABELS,99.250038147,Animal,IMG_0022.JPG,
LABELS,99.250038147,Mammal,IMG_0022.JPG,
LABELS,99.250038147,Zebra,IMG_0022.JPG,
LABELS,52.8509025574,Grassland,IMG_0022.JPG,
LABELS,52.8509025574,Outdoors,IMG_0022.JPG,
LABELS,52.8509025574,Savanna,IMG_0022.JPG,
LABELS,52.2120285034,Soil,IMG_0022.JPG,
LABELS,50.9856300354,Field,IMG_0022.JPG,
LABELS,50.8900642395,Ground,IMG_0022.JPG,
LABELS,99.3045501709,Animal,IMG_0023.JPG,
LABELS,99.3045501709,Mammal,IMG_0023.JPG,
LABELS,99.3045501709,Zebra,IMG_0023.JPG,
LABELS,55.3519668579,Grassland,IMG_0023.JPG,
LABELS,55.3519668579,Outdoors,IMG_0023.JPG,
LABELS,55.3519668579,Savanna,IMG_0023.JPG,
LABELS,50.8544845581,Soil,IMG_0023.JPG,
LABELS,50.8196716309,Bush,IMG_0023.JPG,
LABELS,50.8196716309,Plant,IMG_0023.JPG,
LABELS,50.8196716309,Vegetation,IMG_0023.JPG,
LABELS,82.365486145,Animal,IMG_0024.JPG,
LABELS,82.365486145,Antelope,IMG_0024.JPG,
LABELS,82.365486145,Gazelle,IMG_0024.JPG,
LABELS,82.365486145,Impala,IMG_0024.JPG,
LABELS,74.4381256104,Bunny,IMG_0024.JPG,
LABELS,74.4381256104,Mammal,IMG_0024.JPG,
LABELS,74.4381256104,Rabbit,IMG_0024.JPG,
LABELS,74.4381256104,Rodent,IMG_0024.JPG,
LABELS,61.8239097595,Countryside,IMG_0024.JPG,
LABELS,61.8239097595,Grassland,IMG_0024.JPG,
LABELS,61.8239097595,Grazing,IMG_0024.JPG,
LABELS,61.8239097595,Outdoors,IMG_0024.JPG,
LABELS,61.8239097595,Pasture,IMG_0024.JPG,
LABELS,61.8239097595,Ranch,IMG_0024.JPG,
LABELS,99.0525283813,Animal,IMG_0025.JPG,
LABELS,99.0525283813,Mammal,IMG_0025.JPG,
LABELS,99.0525283813,Zebra,IMG_0025.JPG,
LABELS,99.1802978516,Animal,IMG_0026.JPG,
LABELS,99.1802978516,Mammal,IMG_0026.JPG,
LABELS,99.1802978516,Zebra,IMG_0026.JPG,
LABELS,51.4022636414,Soil,IMG_0026.JPG,
LABELS,51.1915206909,Grassland,IMG_0026.JPG,
LABELS,51.1915206909,Outdoors,IMG_0026.JPG,
LABELS,51.1915206909,Savanna,IMG_0026.JPG,
LABELS,99.2211456299,Animal,IMG_0027.JPG,
LABELS,99.2211456299,Mammal,IMG_0027.JPG,
LABELS,99.2211456299,Zebra,IMG_0027.JPG,
LABELS,51.3236923218,Soil,IMG_0027.JPG,
LABELS,99.1160125732,Animal,IMG_0028.JPG,
LABELS,99.1160125732,Mammal,IMG_0028.JPG,
LABELS,99.1160125732,Zebra,IMG_0028.JPG,
LABELS,99.2024154663,Animal,IMG_0091.JPG,
LABELS,99.2024154663,Mammal,IMG_0091.JPG,
LABELS,99.2024154663,Zebra,IMG_0091.JPG,
LABELS,99.0967178345,Animal,IMG_0092.JPG,
LABELS,99.0967178345,Mammal,IMG_0092.JPG,
LABELS,99.0967178345,Zebra,IMG_0092.JPG,
LABELS,97.0486602783,Animal,IMG_0093.JPG,
LABELS,97.0486602783,Mammal,IMG_0093.JPG,
LABELS,97.0486602783,Zebra,IMG_0093.JPG,
LABELS,99.1451187134,People,IMG_0094.JPG,
LABELS,99.1451187134,Person,IMG_0094.JPG,
LABELS,99.1257553101,Human,IMG_0094.JPG,
LABELS,59.550868988,Ct Scan,IMG_0094.JPG,
LABELS,59.550868988,X-Ray,IMG_0094.JPG,
LABELS,53.7126121521,Apparel,IMG_0094.JPG,
LABELS,53.7126121521,Clothing,IMG_0094.JPG,
LABELS,96.469078064,Animal,IMG_0095.JPG,
LABELS,96.469078064,Mammal,IMG_0095.JPG,
LABELS,96.469078064,Zebra,IMG_0095.JPG,
LABELS,84.8417816162,Ct Scan,IMG_0095.JPG,
LABELS,84.8417816162,X-Ray,IMG_0095.JPG,
LABELS,89.8008728027,Animal,IMG_0096.JPG,
LABELS,89.8008728027,Mammal,IMG_0096.JPG,
LABELS,89.8008728027,Zebra,IMG_0096.JPG,
LABELS,70.3391876221,Inflatable,IMG_0096.JPG,
LABELS,97.1039733887,Animal,IMG_0097.JPG,
LABELS,97.1039733887,Mammal,IMG_0097.JPG,
LABELS,97.1039733887,Zebra,IMG_0097.JPG,
LABELS,54.2351799011,Apparel,IMG_0097.JPG,
LABELS,54.2351799011,Clothing,IMG_0097.JPG,
LABELS,53.014289856,Flyer,IMG_0097.JPG,
LABELS,53.014289856,Poster,IMG_0097.JPG,
LABELS,53.5070724487,Flyer,IMG_0098.JPG,
LABELS,53.5070724487,Poster,IMG_0098.JPG,
LABELS,53.4425201416,Apparel,IMG_0098.JPG,
LABELS,53.4425201416,Clothing,IMG_0098.JPG,
LABELS,97.6976242065,Animal,IMG_0100.JPG,
LABELS,97.6976242065,Mammal,IMG_0100.JPG,
LABELS,97.6976242065,Zebra,IMG_0100.JPG,
LABELS,50.8050079346,Silhouette,IMG_0100.JPG,
LABELS,81.5140457153,Animal,IMG_0101.JPG,
LABELS,81.5140457153,Mammal,IMG_0101.JPG,
LABELS,81.5140457153,Zebra,IMG_0101.JPG,
LABELS,86.2091598511,Animal,IMG_0102.JPG,
LABELS,86.2091598511,Mammal,IMG_0102.JPG,
LABELS,86.2091598511,Zebra,IMG_0102.JPG,
LABELS,82.0981826782,Inflatable,IMG_0102.JPG,
LABELS,50.6099891663,Emblem,IMG_0102.JPG,
LABELS,50.6099891663,Logo,IMG_0102.JPG,
LABELS,98.6821365356,People,IMG_0125.JPG,
LABELS,98.6821746826,Person,IMG_0125.JPG,
LABELS,98.5980987549,Human,IMG_0125.JPG,
LABELS,97.8030471802,Animal,IMG_0125.JPG,
LABELS,97.8030471802,Mammal,IMG_0125.JPG,
LABELS,97.8030471802,Zebra,IMG_0125.JPG,
LABELS,81.8416595459,Animal,IMG_0214.JPG,
LABELS,81.8416595459,Gazelle,IMG_0214.JPG,
LABELS,81.8416595459,Impala,IMG_0214.JPG,
LABELS,81.8416595459,Mammal,IMG_0214.JPG,
LABELS,81.8416595459,Wildlife,IMG_0214.JPG,
LABELS,77.8709259033,Antelope,IMG_0214.JPG,
LABELS,60.4107322693,Deer,IMG_0214.JPG,
LABELS,52.89245224,Bongo,IMG_0214.JPG,
LABELS,52.89245224,Percussion,IMG_0214.JPG,
LABELS,99.1405944824,Animal,IMG_0292.JPG,
LABELS,99.1405944824,Elephant,IMG_0292.JPG,
LABELS,99.1405944824,Mammal,IMG_0292.JPG,
LABELS,54.0141029358,Angus,IMG_0292.JPG,
LABELS,54.0141029358,Bull,IMG_0292.JPG,
LABELS,50.9258728027,Grassland,IMG_0292.JPG,
LABELS,50.9258728027,Outdoors,IMG_0292.JPG,
LABELS,50.9258728027,Savanna,IMG_0292.JPG,
LABELS,99.0034866333,Animal,IMG_0293.JPG,
LABELS,99.0034866333,Elephant,IMG_0293.JPG,
LABELS,99.0034866333,Mammal,IMG_0293.JPG,
LABELS,56.5616264343,Grassland,IMG_0293.JPG,
LABELS,56.5616264343,Outdoors,IMG_0293.JPG,
LABELS,56.5616264343,Savanna,IMG_0293.JPG,
LABELS,99.0477218628,Animal,IMG_0294.JPG,
LABELS,99.0477218628,Elephant,IMG_0294.JPG,
LABELS,99.0477218628,Mammal,IMG_0294.JPG,
LABELS,64.2816162109,Grassland,IMG_0294.JPG,
LABELS,64.2816162109,Outdoors,IMG_0294.JPG,
LABELS,64.2816162109,Savanna,IMG_0294.JPG,
LABELS,68.4101715088,Alps,IMG_0302.JPG,
LABELS,68.4101715088,Crest,IMG_0302.JPG,
LABELS,68.4101715088,Mountain,IMG_0302.JPG,
LABELS,68.4101715088,Peak,IMG_0302.JPG,
LABELS,50.9779319763,Field,IMG_0302.JPG,
LABELS,50.9779319763,Grass,IMG_0302.JPG,
LABELS,50.9779319763,Grassland,IMG_0302.JPG,
LABELS,50.9779319763,Plant,IMG_0302.JPG,
LABELS,50.7530632019,Dirt Road,IMG_0302.JPG,
LABELS,50.7530632019,Gravel,IMG_0302.JPG,
LABELS,50.7530632019,Road,IMG_0302.JPG,
LABELS,66.9679260254,Alps,IMG_0303.JPG,
LABELS,66.9679260254,Crest,IMG_0303.JPG,
LABELS,66.9679260254,Mountain,IMG_0303.JPG,
LABELS,66.9679260254,Peak,IMG_0303.JPG,
LABELS,54.4718742371,Cloud,IMG_0303.JPG,
LABELS,54.4718742371,Cumulus,IMG_0303.JPG,
LABELS,54.4718742371,Sky,IMG_0303.JPG,
LABELS,65.0289993286,Countryside,KEN-001-D0001-I000006.jpeg,
LABELS,65.0289993286,Outdoors,KEN-001-D0001-I000006.jpeg,
LABELS,56.8808441162,Farm,KEN-001-D0001-I000006.jpeg,
LABELS,56.8808441162,Field,KEN-001-D0001-I000006.jpeg,
LABELS,50.9570045471,Bush,KEN-001-D0001-I000006.jpeg,
LABELS,50.9570045471,Plant,KEN-001-D0001-I000006.jpeg,
LABELS,50.9570045471,Vegetation,KEN-001-D0001-I000006.jpeg,
LABELS,50.9326171875,Blossom,KEN-001-D0001-I000006.jpeg,
LABELS,50.9326171875,Flora,KEN-001-D0001-I000006.jpeg,
LABELS,50.9326171875,Flower,KEN-001-D0001-I000006.jpeg,
LABELS,50.791595459,Silhouette,KEN-001-D0001-I000006.jpeg,
LABELS,50.5597991943,Soil,KEN-001-D0001-I000006.jpeg,
LABELS,71.4689483643,Countryside,KEN-001-D0001-I000007.jpeg,
LABELS,71.4689483643,Field,KEN-001-D0001-I000007.jpeg,
LABELS,71.4689483643,Grass,KEN-001-D0001-I000007.jpeg,
LABELS,71.4689483643,Grassland,KEN-001-D0001-I000007.jpeg,
LABELS,71.4689483643,Outdoors,KEN-001-D0001-I000007.jpeg,
LABELS,64.7076416016,Savanna,KEN-001-D0001-I000007.jpeg,
LABELS,57.7219352722,Bush,KEN-001-D0001-I000007.jpeg,
LABELS,57.7219352722,Plant,KEN-001-D0001-I000007.jpeg,
LABELS,57.7219352722,Vegetation,KEN-001-D0001-I000007.jpeg,
LABELS,53.2466545105,Cap,KEN-001-D0001-I000007.jpeg,
LABELS,53.2466545105,Hat,KEN-001-D0001-I000007.jpeg,
LABELS,53.2466545105,Sun Hat,KEN-001-D0001-I000007.jpeg,
LABELS,50.5909805298,Blossom,KEN-001-D0001-I000007.jpeg,
LABELS,50.5909805298,Flora,KEN-001-D0001-I000007.jpeg,
LABELS,50.5909805298,Flower,KEN-001-D0001-I000007.jpeg,
LABELS,95.8380889893,Animal,KEN-007-D0001-I000001.jpeg,
LABELS,95.8380889893,Deer,KEN-007-D0001-I000001.jpeg,
LABELS,95.8380889893,Mammal,KEN-007-D0001-I000001.jpeg,
LABELS,95.8380889893,Wildlife,KEN-007-D0001-I000001.jpeg,
LABELS,84.0629043579,Antelope,KEN-007-D0001-I000001.jpeg,
LABELS,84.0629043579,Gazelle,KEN-007-D0001-I000001.jpeg,
LABELS,84.0629043579,Impala,KEN-007-D0001-I000001.jpeg,
LABELS,50.9567375183,Outdoors,KEN-007-D0001-I000001.jpeg,
LABELS,94.2905044556,Animal,KEN-007-D0001-I000002.jpeg,
LABELS,94.2905044556,Antelope,KEN-007-D0001-I000002.jpeg,
LABELS,94.2905044556,Gazelle,KEN-007-D0001-I000002.jpeg,
LABELS,94.2905044556,Impala,KEN-007-D0001-I000002.jpeg,
LABELS,58.5999259949,Mammal,KEN-007-D0001-I000002.jpeg,
LABELS,52.2899093628,Outdoors,KEN-007-D0001-I000002.jpeg,
LABELS,51.7288131714,Deer,KEN-007-D0001-I000002.jpeg,
LABELS,51.7288131714,Wildlife,KEN-007-D0001-I000002.jpeg,
LABELS,50.9349212646,Countryside,KEN-007-D0001-I000002.jpeg,
LABELS,66.9574966431,Animal,KEN-007-D0001-I000003.jpeg,
LABELS,66.9574966431,Antelope,KEN-007-D0001-I000003.jpeg,
LABELS,66.9574966431,Gazelle,KEN-007-D0001-I000003.jpeg,
LABELS,66.9574966431,Impala,KEN-007-D0001-I000003.jpeg,
LABELS,66.8640060425,Canine,KEN-007-D0001-I000003.jpeg,
LABELS,66.8640060425,Coyote,KEN-007-D0001-I000003.jpeg,
LABELS,66.8640060425,Grey Fox,KEN-007-D0001-I000003.jpeg,
LABELS,66.8640060425,Mammal,KEN-007-D0001-I000003.jpeg,
LABELS,66.8640060425,Red Wolf,KEN-007-D0001-I000003.jpeg,
LABELS,53.1994285583,Zoo,KEN-007-D0001-I000003.jpeg,
LABELS,51.7303009033,Outdoors,KEN-007-D0001-I000003.jpeg,
LABELS,51.3816223145,Deer,KEN-007-D0001-I000003.jpeg,
LABELS,51.3816223145,Wildlife,KEN-007-D0001-I000003.jpeg,
LABELS,50.8789596558,Countryside,KEN-007-D0001-I000003.jpeg,
LABELS,61.1239624023,Countryside,KEN-007-D0001-I000004.jpeg,
LABELS,61.1239624023,Outdoors,KEN-007-D0001-I000004.jpeg,
LABELS,53.5275382996,Blossom,KEN-007-D0001-I000004.jpeg,
LABELS,53.5275382996,Flora,KEN-007-D0001-I000004.jpeg,
LABELS,53.5275382996,Flower,KEN-007-D0001-I000004.jpeg,
LABELS,53.5275382996,Plant,KEN-007-D0001-I000004.jpeg,
LABELS,52.9637832642,Bush,KEN-007-D0001-I000004.jpeg,
LABELS,52.9637832642,Vegetation,KEN-007-D0001-I000004.jpeg,
LABELS,52.4152450562,Forest,KEN-007-D0001-I000004.jpeg,
LABELS,51.5427246094,Field,KEN-007-D0001-I000004.jpeg,
LABELS,51.5427246094,Grass,KEN-007-D0001-I000004.jpeg,
LABELS,51.5427246094,Grassland,KEN-007-D0001-I000004.jpeg,
LABELS,51.3816375732,Reed,KEN-007-D0001-I000004.jpeg,
LABELS,50.9449539185,Tree,KEN-007-D0001-I000004.jpeg,
LABELS,61.666721344,Countryside,KEN-007-D0001-I000005.jpeg,
LABELS,61.666721344,Outdoors,KEN-007-D0001-I000005.jpeg,
LABELS,53.9447593689,Blossom,KEN-007-D0001-I000005.jpeg,
LABELS,53.9447593689,Flora,KEN-007-D0001-I000005.jpeg,
LABELS,53.9447593689,Flower,KEN-007-D0001-I000005.jpeg,
LABELS,53.9447593689,Plant,KEN-007-D0001-I000005.jpeg,
LABELS,53.4995803833,Forest,KEN-007-D0001-I000005.jpeg,
LABELS,53.4995803833,Vegetation,KEN-007-D0001-I000005.jpeg,
LABELS,52.6809158325,Grass,KEN-007-D0001-I000005.jpeg,
LABELS,52.6809158325,Reed,KEN-007-D0001-I000005.jpeg,
LABELS,51.995098114,Bush,KEN-007-D0001-I000005.jpeg,
LABELS,51.7233772278,Field,KEN-007-D0001-I000005.jpeg,
LABELS,51.7233772278,Grassland,KEN-007-D0001-I000005.jpeg,
LABELS,50.9721946716,Tree,KEN-007-D0001-I000005.jpeg,
LABELS,58.9724006653,Countryside,KEN-007-D0001-I000006.jpeg,
LABELS,58.9724006653,Outdoors,KEN-007-D0001-I000006.jpeg,
LABELS,55.008430481,Forest,KEN-007-D0001-I000006.jpeg,
LABELS,55.008430481,Vegetation,KEN-007-D0001-I000006.jpeg,
LABELS,54.4565124512,Blossom,KEN-007-D0001-I000006.jpeg,
LABELS,54.4565124512,Flora,KEN-007-D0001-I000006.jpeg,
LABELS,54.4565124512,Flower,KEN-007-D0001-I000006.jpeg,
LABELS,54.4565124512,Plant,KEN-007-D0001-I000006.jpeg,
LABELS,52.6125297546,Bush,KEN-007-D0001-I000006.jpeg,
LABELS,51.5862159729,Field,KEN-007-D0001-I000006.jpeg,
LABELS,51.5862159729,Grass,KEN-007-D0001-I000006.jpeg,
LABELS,51.5862159729,Grassland,KEN-007-D0001-I000006.jpeg,
LABELS,50.915927887,Tree,KEN-007-D0001-I000006.jpeg,
LABELS,50.8206977844,Reed,KEN-007-D0001-I000006.jpeg,
LABELS,97.7024765015,Animal,KEN-007-D0001-I000007.jpeg,
LABELS,97.7024765015,Boar,KEN-007-D0001-I000007.jpeg,
LABELS,97.7024765015,Mammal,KEN-007-D0001-I000007.jpeg,
LABELS,97.7024765015,Warthog,KEN-007-D0001-I000007.jpeg,
LABELS,54.5613937378,Countryside,KEN-007-D0001-I000007.jpeg,
LABELS,54.5613937378,Outdoors,KEN-007-D0001-I000007.jpeg,
LABELS,51.7624969482,Forest,KEN-007-D0001-I000007.jpeg,
LABELS,51.7624969482,Jungle,KEN-007-D0001-I000007.jpeg,
LABELS,51.3764190674,Plant,KEN-007-D0001-I000007.jpeg,
LABELS,51.3764190674,Tree,KEN-007-D0001-I000007.jpeg,
LABELS,50.9928359985,Blossom,KEN-007-D0001-I000007.jpeg,
LABELS,50.9928359985,Flora,KEN-007-D0001-I000007.jpeg,
LABELS,50.9928359985,Flower,KEN-007-D0001-I000007.jpeg,
LABELS,50.843788147,Bush,KEN-007-D0001-I000007.jpeg,
LABELS,50.843788147,Vegetation,KEN-007-D0001-I000007.jpeg,
LABELS,89.6836624146,Animal,KEN-007-D0001-I000008.jpeg,
LABELS,89.6836624146,Boar,KEN-007-D0001-I000008.jpeg,
LABELS,89.6836624146,Mammal,KEN-007-D0001-I000008.jpeg,
LABELS,89.6836624146,Warthog,KEN-007-D0001-I000008.jpeg,
LABELS,53.3704147339,Outdoors,KEN-007-D0001-I000008.jpeg,
LABELS,52.9799804688,Countryside,KEN-007-D0001-I000008.jpeg,
LABELS,50.9332847595,Blossom,KEN-007-D0001-I000008.jpeg,
LABELS,50.9332847595,Flora,KEN-007-D0001-I000008.jpeg,
LABELS,50.9332847595,Flower,KEN-007-D0001-I000008.jpeg,
LABELS,50.9332847595,Plant,KEN-007-D0001-I000008.jpeg,
LABELS,50.7270698547,Tree,KEN-007-D0001-I000008.jpeg,
LABELS,50.7149353027,Forest,KEN-007-D0001-I000008.jpeg,
LABELS,50.7149353027,Jungle,KEN-007-D0001-I000008.jpeg,
LABELS,97.6435623169,Animal,KEN-007-D0001-I000009.jpeg,
LABELS,97.6435623169,Boar,KEN-007-D0001-I000009.jpeg,
LABELS,97.6435623169,Mammal,KEN-007-D0001-I000009.jpeg,
LABELS,97.6435623169,Warthog,KEN-007-D0001-I000009.jpeg,
LABELS,54.5516738892,Grassland,KEN-007-D0001-I000009.jpeg,
LABELS,54.5516738892,Outdoors,KEN-007-D0001-I000009.jpeg,
LABELS,54.5516738892,Savanna,KEN-007-D0001-I000009.jpeg,
LABELS,52.2099571228,Countryside,KEN-007-D0001-I000009.jpeg,
LABELS,51.3108673096,Forest,KEN-007-D0001-I000009.jpeg,
LABELS,51.3108673096,Jungle,KEN-007-D0001-I000009.jpeg,
LABELS,50.8265571594,Plant,KEN-007-D0001-I000009.jpeg,
LABELS,50.8265571594,Tree,KEN-007-D0001-I000009.jpeg,
LABELS,50.5297737122,Blossom,KEN-007-D0001-I000009.jpeg,
LABELS,50.5297737122,Flora,KEN-007-D0001-I000009.jpeg,
LABELS,50.5297737122,Flower,KEN-007-D0001-I000009.jpeg,
LABELS,97.9893875122,Animal,KEN-007-D0001-I000010.jpeg,
LABELS,97.9893875122,Boar,KEN-007-D0001-I000010.jpeg,
LABELS,97.9893875122,Mammal,KEN-007-D0001-I000010.jpeg,
LABELS,97.9893875122,Warthog,KEN-007-D0001-I000010.jpeg,
LABELS,72.340927124,Angus,KEN-007-D0001-I000010.jpeg,
LABELS,72.340927124,Bull,KEN-007-D0001-I000010.jpeg,
LABELS,54.5806808472,Bush,KEN-007-D0001-I000010.jpeg,
LABELS,54.5806808472,Plant,KEN-007-D0001-I000010.jpeg,
LABELS,54.5806808472,Vegetation,KEN-007-D0001-I000010.jpeg,
LABELS,54.5018615723,Countryside,KEN-007-D0001-I000010.jpeg,
LABELS,54.5018615723,Outdoors,KEN-007-D0001-I000010.jpeg,
LABELS,99.1301345825,Animal,KEN-007-D0009-I076493.jpeg,
LABELS,99.1301345825,Antelope,KEN-007-D0009-I076493.jpeg,
LABELS,99.1301345825,Gazelle,KEN-007-D0009-I076493.jpeg,
LABELS,99.1301345825,Impala,KEN-007-D0009-I076493.jpeg,
LABELS,99.0172119141,Animal,KEN-007-D0009-I076494.jpeg,
LABELS,99.0172119141,Antelope,KEN-007-D0009-I076494.jpeg,
LABELS,99.0172119141,Gazelle,KEN-007-D0009-I076494.jpeg,
LABELS,99.0172119141,Impala,KEN-007-D0009-I076494.jpeg,
LABELS,52.7671470642,Deer,KEN-007-D0009-I076494.jpeg,
LABELS,52.7671470642,Mammal,KEN-007-D0009-I076494.jpeg,
LABELS,52.7671470642,Wildlife,KEN-007-D0009-I076494.jpeg,
LABELS,98.3857116699,Animal,Lagostomus maximus 3733-16.JPG,
LABELS,98.3857116699,Chinchilla,Lagostomus maximus 3733-16.JPG,
LABELS,98.3857116699,Mammal,Lagostomus maximus 3733-16.JPG,
LABELS,98.3857116699,Rodent,Lagostomus maximus 3733-16.JPG,
LABELS,97.4201431274,Animal,Lagostomus maximus 3733-17.JPG,
LABELS,97.4201431274,Kangaroo,Lagostomus maximus 3733-17.JPG,
LABELS,97.4201431274,Mammal,Lagostomus maximus 3733-17.JPG,
LABELS,97.4201431274,Wallaby,Lagostomus maximus 3733-17.JPG,
LABELS,95.3499526978,Animal,Lagostomus maximus 3733-28.JPG,
LABELS,95.3499526978,Mammal,Lagostomus maximus 3733-28.JPG,
LABELS,95.3499526978,Possum,Lagostomus maximus 3733-28.JPG,
LABELS,73.5954742432,Kangaroo,Lagostomus maximus 3733-28.JPG,
LABELS,73.5954742432,Wallaby,Lagostomus maximus 3733-28.JPG,
LABELS,63.4105758667,Weasel,Lagostomus maximus 3733-28.JPG,
LABELS,91.6296234131,Animal,Lagostomus maximus K viscachal 16-05 3733-15.JPG,
LABELS,91.6296234131,Mammal,Lagostomus maximus K viscachal 16-05 3733-15.JPG,
LABELS,91.6296234131,Possum,Lagostomus maximus K viscachal 16-05 3733-15.JPG,
LABELS,98.3085250854,Animal,Lagostomus maximus K vizcachal 21-05-05 3423-16.JPG,
LABELS,98.3085250854,Mammal,Lagostomus maximus K vizcachal 21-05-05 3423-16.JPG,
LABELS,98.3085250854,Possum,Lagostomus maximus K vizcachal 21-05-05 3423-16.JPG,
LABELS,62.9344215393,Canine,Lagostomus maximus K vizcachal 21-05-05 3423-16.JPG,
LABELS,62.9344215393,Coyote,Lagostomus maximus K vizcachal 21-05-05 3423-16.JPG,
LABELS,62.9344215393,Grey Fox,Lagostomus maximus K vizcachal 21-05-05 3423-16.JPG,
LABELS,62.9344215393,Red Wolf,Lagostomus maximus K vizcachal 21-05-05 3423-16.JPG,
LABELS,95.7259140015,Animal,Lagostomus maximus K vizcachal 21-05-05 3423-17.JPG,
LABELS,95.7259140015,Mammal,Lagostomus maximus K vizcachal 21-05-05 3423-17.JPG,
LABELS,95.7259140015,Rat,Lagostomus maximus K vizcachal 21-05-05 3423-17.JPG,
LABELS,95.7259140015,Rodent,Lagostomus maximus K vizcachal 21-05-05 3423-17.JPG,
LABELS,93.6089248657,Possum,Lagostomus maximus K vizcachal 21-05-05 3423-17.JPG,
LABELS,69.2638549805,Animal,Lagostomus maximus K vizcachal 21-05-05 3423-19.JPG,
LABELS,69.2638549805,Cat,Lagostomus maximus K vizcachal 21-05-05 3423-19.JPG,
LABELS,69.2638549805,Mammal,Lagostomus maximus K vizcachal 21-05-05 3423-19.JPG,
LABELS,69.2638549805,Manx,Lagostomus maximus K vizcachal 21-05-05 3423-19.JPG,
LABELS,69.2638549805,Pet,Lagostomus maximus K vizcachal 21-05-05 3423-19.JPG,
LABELS,62.6324577332,Kitten,Lagostomus maximus K vizcachal 21-05-05 3423-19.JPG,
LABELS,59.6464157104,Rat,Lagostomus maximus K vizcachal 21-05-05 3423-19.JPG,
LABELS,59.6464157104,Rodent,Lagostomus maximus K vizcachal 21-05-05 3423-19.JPG,
LABELS,53.3237457275,Abyssinian,Lagostomus maximus K vizcachal 21-05-05 3423-19.JPG,
LABELS,94.0754623413,Animal,Lagostomus maximus K vizcachal 21-05-05 3423-21.JPG,
LABELS,94.0754623413,Canine,Lagostomus maximus K vizcachal 21-05-05 3423-21.JPG,
LABELS,94.0754623413,Coyote,Lagostomus maximus K vizcachal 21-05-05 3423-21.JPG,
LABELS,94.0754623413,Grey Fox,Lagostomus maximus K vizcachal 21-05-05 3423-21.JPG,
LABELS,94.0754623413,Mammal,Lagostomus maximus K vizcachal 21-05-05 3423-21.JPG,
LABELS,94.0754623413,Red Wolf,Lagostomus maximus K vizcachal 21-05-05 3423-21.JPG,
LABELS,69.7948608398,Cat,Lagostomus maximus K vizcachal 21-05-05 3423-21.JPG,
LABELS,69.7948608398,Manx,Lagostomus maximus K vizcachal 21-05-05 3423-21.JPG,
LABELS,69.7948608398,Pet,Lagostomus maximus K vizcachal 21-05-05 3423-21.JPG,
LABELS,54.1058731079,Abyssinian,Lagostomus maximus K vizcachal 21-05-05 3423-21.JPG,
LABELS,92.7987823486,Animal,Lagostomus maximus K vizcachal 21-05-05 3423-23.JPG,
LABELS,92.7987823486,Kangaroo,Lagostomus maximus K vizcachal 21-05-05 3423-23.JPG,
LABELS,92.7987823486,Mammal,Lagostomus maximus K vizcachal 21-05-05 3423-23.JPG,
LABELS,92.7987823486,Wallaby,Lagostomus maximus K vizcachal 21-05-05 3423-23.JPG,
LABELS,79.7713851929,Chinchilla,Lagostomus maximus K vizcachal 21-05-05 3423-23.JPG,
LABELS,79.7713851929,Rodent,Lagostomus maximus K vizcachal 21-05-05 3423-23.JPG,
LABELS,55.1281509399,Bunny,Lagostomus maximus K vizcachal 21-05-05 3423-23.JPG,
LABELS,55.1281509399,Rabbit,Lagostomus maximus K vizcachal 21-05-05 3423-23.JPG,
LABELS,95.7402801514,Animal,Lagostomus maximus K vizcachal 21-05-05 3423-25.JPG,
LABELS,95.7402801514,Mammal,Lagostomus maximus K vizcachal 21-05-05 3423-25.JPG,
LABELS,95.7402801514,Possum,Lagostomus maximus K vizcachal 21-05-05 3423-25.JPG,
LABELS,74.6448974609,Animal,Lagostomus maximus K vizcachal 21-05-05 3423-36.JPG,
LABELS,74.6448974609,Mammal,Lagostomus maximus K vizcachal 21-05-05 3423-36.JPG,
LABELS,74.6448974609,Rat,Lagostomus maximus K vizcachal 21-05-05 3423-36.JPG,
LABELS,74.6448974609,Rodent,Lagostomus maximus K vizcachal 21-05-05 3423-36.JPG,
LABELS,98.1429748535,Animal,Lagostomus maximus K vizcachal 21-05-05 3423-6.JPG,
LABELS,98.1429748535,Mammal,Lagostomus maximus K vizcachal 21-05-05 3423-6.JPG,
LABELS,98.1429748535,Possum,Lagostomus maximus K vizcachal 21-05-05 3423-6.JPG,
LABELS,73.4147033691,Animal,Lagostomus maximus + raton 3733-22.JPG,
LABELS,73.4147033691,Canine,Lagostomus maximus + raton 3733-22.JPG,
LABELS,73.4147033691,Dog,Lagostomus maximus + raton 3733-22.JPG,
LABELS,73.4147033691,Husky,Lagostomus maximus + raton 3733-22.JPG,
LABELS,73.4147033691,Mammal,Lagostomus maximus + raton 3733-22.JPG,
LABELS,73.4147033691,Pet,Lagostomus maximus + raton 3733-22.JPG,
LABELS,73.2953872681,Coyote,Lagostomus maximus + raton 3733-22.JPG,
LABELS,73.2953872681,Grey Fox,Lagostomus maximus + raton 3733-22.JPG,
LABELS,73.2953872681,Red Wolf,Lagostomus maximus + raton 3733-22.JPG,
LABELS,71.3999099731,Possum,Lagostomus maximus + raton 3733-22.JPG,
LABELS,62.3865470886,Eskimo Dog,Lagostomus maximus + raton 3733-22.JPG,
LABELS,98.0132293701,Animal,M.gouazoubira 2004-01-03 5709-22 S.Salitral-6000.JPG,
LABELS,98.0132293701,Deer,M.gouazoubira 2004-01-03 5709-22 S.Salitral-6000.JPG,
LABELS,98.0132293701,Mammal,M.gouazoubira 2004-01-03 5709-22 S.Salitral-6000.JPG,
LABELS,98.0132293701,Wildlife,M.gouazoubira 2004-01-03 5709-22 S.Salitral-6000.JPG,
LABELS,82.2415847778,Canine,M.gouazoubira 2004-01-03 5709-22 S.Salitral-6000.JPG,
LABELS,82.2415847778,Coyote,M.gouazoubira 2004-01-03 5709-22 S.Salitral-6000.JPG,
LABELS,82.2415847778,Grey Fox,M.gouazoubira 2004-01-03 5709-22 S.Salitral-6000.JPG,
LABELS,82.2415847778,Red Wolf,M.gouazoubira 2004-01-03 5709-22 S.Salitral-6000.JPG,
LABELS,78.0531997681,Boar,M.gouazoubira 2004-01-03 5709-22 S.Salitral-6000.JPG,
LABELS,78.0531997681,Hog,M.gouazoubira 2004-01-03 5709-22 S.Salitral-6000.JPG,
LABELS,78.0531997681,Pig,M.gouazoubira 2004-01-03 5709-22 S.Salitral-6000.JPG,
LABELS,53.4466018677,Gazelle,M.gouazoubira 2004-01-03 5709-22 S.Salitral-6000.JPG,
LABELS,53.4466018677,Impala,M.gouazoubira 2004-01-03 5709-22 S.Salitral-6000.JPG,
LABELS,99.1701278687,Animal,ogeoffrogyi BP 1200 3729-26.JPG,
LABELS,99.1701278687,Canine,ogeoffrogyi BP 1200 3729-26.JPG,
LABELS,99.1701278687,Coyote,ogeoffrogyi BP 1200 3729-26.JPG,
LABELS,99.1701278687,Grey Fox,ogeoffrogyi BP 1200 3729-26.JPG,
LABELS,99.1701278687,Mammal,ogeoffrogyi BP 1200 3729-26.JPG,
LABELS,99.1701278687,Red Wolf,ogeoffrogyi BP 1200 3729-26.JPG,
LABELS,75.6243972778,Animal,ogeoffroyi  0823-13 Norte-5.JPG,
LABELS,75.6243972778,Canine,ogeoffroyi  0823-13 Norte-5.JPG,
LABELS,75.6243972778,Hyena,ogeoffroyi  0823-13 Norte-5.JPG,
LABELS,75.6243972778,Mammal,ogeoffroyi  0823-13 Norte-5.JPG,
LABELS,64.6329727173,Leopard,ogeoffroyi  0823-13 Norte-5.JPG,
LABELS,64.6329727173,Snow Leopard,ogeoffroyi  0823-13 Norte-5.JPG,
LABELS,63.9488754272,Cat,ogeoffroyi  0823-13 Norte-5.JPG,
LABELS,63.9488754272,Pet,ogeoffroyi  0823-13 Norte-5.JPG,
LABELS,60.9727630615,Ocelot,ogeoffroyi  0823-13 Norte-5.JPG,
LABELS,88.7272338867,Animal,Ogeoffroyi 2493-6.JPG,
LABELS,88.7272338867,Canine,Ogeoffroyi 2493-6.JPG,
LABELS,88.7272338867,Fox,Ogeoffroyi 2493-6.JPG,
LABELS,88.7272338867,Grey Fox,Ogeoffroyi 2493-6.JPG,
LABELS,88.7272338867,Kit Fox,Ogeoffroyi 2493-6.JPG,
LABELS,88.7272338867,Mammal,Ogeoffroyi 2493-6.JPG,
LABELS,88.7272338867,Red Fox,Ogeoffroyi 2493-6.JPG,
LABELS,65.2764358521,Cat,Ogeoffroyi 2493-6.JPG,
LABELS,65.2764358521,Manx,Ogeoffroyi 2493-6.JPG,
LABELS,65.2764358521,Pet,Ogeoffroyi 2493-6.JPG,
LABELS,59.6670799255,Leopard,Ogeoffroyi 2493-6.JPG,
LABELS,59.6670799255,Lynx,Ogeoffroyi 2493-6.JPG,
LABELS,59.6670799255,Wildlife,Ogeoffroyi 2493-6.JPG,
LABELS,59.3756599426,Snow Leopard,Ogeoffroyi 2493-6.JPG,
LABELS,56.7680053711,Egyptian Cat,Ogeoffroyi 2493-6.JPG,
LABELS,97.3564529419,Animal,Ogeoffroyi 2493-7.JPG,
LABELS,97.3564529419,Canine,Ogeoffroyi 2493-7.JPG,
LABELS,97.3564529419,Coyote,Ogeoffroyi 2493-7.JPG,
LABELS,97.3564529419,Grey Fox,Ogeoffroyi 2493-7.JPG,
LABELS,97.3564529419,Mammal,Ogeoffroyi 2493-7.JPG,
LABELS,97.3564529419,Red Wolf,Ogeoffroyi 2493-7.JPG,
LABELS,74.5375976562,Cat,Ogeoffroyi 2493-7.JPG,
LABELS,74.5375976562,Manx,Ogeoffroyi 2493-7.JPG,
LABELS,74.5375976562,Pet,Ogeoffroyi 2493-7.JPG,
LABELS,62.6650085449,Boar,Ogeoffroyi 2493-7.JPG,
LABELS,62.6650085449,Warthog,Ogeoffroyi 2493-7.JPG,
LABELS,98.0196075439,Animal,Ogeoffroyi 2498-3.JPG,
LABELS,98.0196075439,Canine,Ogeoffroyi 2498-3.JPG,
LABELS,98.0196075439,Hyena,Ogeoffroyi 2498-3.JPG,
LABELS,98.0196075439,Mammal,Ogeoffroyi 2498-3.JPG,
LABELS,97.4109802246,Giraffe,Ogeoffroyi 2498-3.JPG,
LABELS,96.0437393188,Leopard,Ogeoffroyi 2498-3.JPG,
LABELS,96.0437393188,Ocelot,Ogeoffroyi 2498-3.JPG,
LABELS,66.6226425171,Animal,Ogeoffroyi 2502-20.JPG,
LABELS,66.6226425171,Cat,Ogeoffroyi 2502-20.JPG,
LABELS,66.6226425171,Mammal,Ogeoffroyi 2502-20.JPG,
LABELS,66.6226425171,Manx,Ogeoffroyi 2502-20.JPG,
LABELS,66.6226425171,Pet,Ogeoffroyi 2502-20.JPG,
LABELS,62.8770179749,Siamese,Ogeoffroyi 2502-20.JPG,
LABELS,96.5521392822,Animal,Ogeoffroyi 3717-27.JPG,
LABELS,96.5521392822,Cheetah,Ogeoffroyi 3717-27.JPG,
LABELS,96.5521392822,Leopard,Ogeoffroyi 3717-27.JPG,
LABELS,77.1005859375,Wildlife,Ogeoffroyi 3717-27.JPG,
LABELS,76.968711853,Lynx,Ogeoffroyi 3717-27.JPG,
LABELS,61.3097000122,Bird,Ogeoffroyi 3717-27.JPG,
LABELS,61.3097000122,Flicker Bird,Ogeoffroyi 3717-27.JPG,
LABELS,61.3097000122,Woodpecker,Ogeoffroyi 3717-27.JPG,
LABELS,57.2081794739,Grassland,Ogeoffroyi 3717-27.JPG,
LABELS,57.2081794739,Outdoors,Ogeoffroyi 3717-27.JPG,
LABELS,57.2081794739,Savanna,Ogeoffroyi 3717-27.JPG,
LABELS,55.1009407043,Mammal,Ogeoffroyi 3717-27.JPG,
LABELS,55.1009407043,Ocelot,Ogeoffroyi 3717-27.JPG,
LABELS,53.6670570374,Jaguar,Ogeoffroyi 3717-27.JPG,
LABELS,51.177280426,Bush,Ogeoffroyi 3717-27.JPG,
LABELS,51.177280426,Plant,Ogeoffroyi 3717-27.JPG,
LABELS,51.177280426,Vegetation,Ogeoffroyi 3717-27.JPG,
LABELS,67.2786331177,Bush,Ogeoffroyi 3735-18.JPG,
LABELS,67.2786331177,Plant,Ogeoffroyi 3735-18.JPG,
LABELS,67.2786331177,Vegetation,Ogeoffroyi 3735-18.JPG,
LABELS,63.2483711243,Soil,Ogeoffroyi 3735-18.JPG,
LABELS,53.251083374,Forest,Ogeoffroyi 3735-18.JPG,
LABELS,51.4183502197,Soil,Ogeoffroyi 3735-32.JPG,
LABELS,51.3330993652,Forest,Ogeoffroyi 3735-32.JPG,
LABELS,51.3330993652,Jungle,Ogeoffroyi 3735-32.JPG,
LABELS,50.6619949341,Plant,Ogeoffroyi 3735-32.JPG,
LABELS,50.6619949341,Vegetation,Ogeoffroyi 3735-32.JPG,
LABELS,50.5127258301,Field,Ogeoffroyi 3735-32.JPG,
LABELS,50.5127258301,Grass,Ogeoffroyi 3735-32.JPG,
LABELS,50.5127258301,Grassland,Ogeoffroyi 3735-32.JPG,
LABELS,66.643196106,Animal,Ogeoffroyi 3735-33.JPG,
LABELS,66.643196106,Cat,Ogeoffroyi 3735-33.JPG,
LABELS,66.643196106,Mammal,Ogeoffroyi 3735-33.JPG,
LABELS,66.643196106,Pet,Ogeoffroyi 3735-33.JPG,
LABELS,58.4088668823,Abyssinian,Ogeoffroyi 3735-33.JPG,
LABELS,53.5566749573,Zoo,Ogeoffroyi 3735-33.JPG,
LABELS,51.7530136108,Canine,Ogeoffroyi 3735-33.JPG,
LABELS,51.7530136108,Coyote,Ogeoffroyi 3735-33.JPG,
LABELS,51.7530136108,Grey Fox,Ogeoffroyi 3735-33.JPG,
LABELS,51.7530136108,Red Wolf,Ogeoffroyi 3735-33.JPG,
LABELS,77.8522720337,Animal,Ogeoffroyi 3735-36.JPG,
LABELS,77.8522720337,Zoo,Ogeoffroyi 3735-36.JPG,
LABELS,54.667640686,Leopard,Ogeoffroyi 3735-36.JPG,
LABELS,54.667640686,Mammal,Ogeoffroyi 3735-36.JPG,
LABELS,54.667640686,Ocelot,Ogeoffroyi 3735-36.JPG,
LABELS,97.6416397095,Animal,ogeoffroyi  4963-12 Norte-1.JPG,
LABELS,97.6416397095,Canine,ogeoffroyi  4963-12 Norte-1.JPG,
LABELS,97.6416397095,Coyote,ogeoffroyi  4963-12 Norte-1.JPG,
LABELS,97.6416397095,Grey Fox,ogeoffroyi  4963-12 Norte-1.JPG,
LABELS,97.6416397095,Mammal,ogeoffroyi  4963-12 Norte-1.JPG,
LABELS,97.6416397095,Red Wolf,ogeoffroyi  4963-12 Norte-1.JPG,
LABELS,89.8128738403,Cheetah,ogeoffroyi  4963-12 Norte-1.JPG,
LABELS,89.8128738403,Leopard,ogeoffroyi  4963-12 Norte-1.JPG,
LABELS,87.2247772217,Gazelle,ogeoffroyi  4963-12 Norte-1.JPG,
LABELS,87.2247772217,Impala,ogeoffroyi  4963-12 Norte-1.JPG,
LABELS,87.2247772217,Wildlife,ogeoffroyi  4963-12 Norte-1.JPG,
LABELS,74.0151519775,Alligator,ogeoffroyi  4963-12 Norte-1.JPG,
LABELS,74.0151519775,Crocodile,ogeoffroyi  4963-12 Norte-1.JPG,
LABELS,74.0151519775,Reptile,ogeoffroyi  4963-12 Norte-1.JPG,
LABELS,51.1245269775,Snow Leopard,ogeoffroyi  4963-12 Norte-1.JPG,
LABELS,61.3708267212,Animal,ogeoffroyi 4974-20 Sur-3.JPG,
LABELS,61.3708267212,Canine,ogeoffroyi 4974-20 Sur-3.JPG,
LABELS,61.3708267212,Coyote,ogeoffroyi 4974-20 Sur-3.JPG,
LABELS,61.3708267212,Grey Fox,ogeoffroyi 4974-20 Sur-3.JPG,
LABELS,61.3708267212,Mammal,ogeoffroyi 4974-20 Sur-3.JPG,
LABELS,61.3708267212,Red Wolf,ogeoffroyi 4974-20 Sur-3.JPG,
LABELS,56.1398010254,Field,ogeoffroyi 4974-20 Sur-3.JPG,
LABELS,56.1398010254,Grass,ogeoffroyi 4974-20 Sur-3.JPG,
LABELS,56.1398010254,Grassland,ogeoffroyi 4974-20 Sur-3.JPG,
LABELS,56.1398010254,Plant,ogeoffroyi 4974-20 Sur-3.JPG,
LABELS,53.9453277588,Landscape,ogeoffroyi 4974-20 Sur-3.JPG,
LABELS,53.9453277588,Nature,ogeoffroyi 4974-20 Sur-3.JPG,
LABELS,53.9453277588,Scenery,ogeoffroyi 4974-20 Sur-3.JPG,
LABELS,52.1902389526,Dirt Road,ogeoffroyi 4974-20 Sur-3.JPG,
LABELS,52.1902389526,Gravel,ogeoffroyi 4974-20 Sur-3.JPG,
LABELS,52.1902389526,Road,ogeoffroyi 4974-20 Sur-3.JPG,
LABELS,93.3159255981,Animal,Oncifelis geoffroyi BP 22000 14-05-05 3732-12.JPG,
LABELS,93.3159255981,Leopard,Oncifelis geoffroyi BP 22000 14-05-05 3732-12.JPG,
LABELS,93.3159255981,Lynx,Oncifelis geoffroyi BP 22000 14-05-05 3732-12.JPG,
LABELS,93.3159255981,Wildlife,Oncifelis geoffroyi BP 22000 14-05-05 3732-12.JPG,
LABELS,69.7012023926,Cat,Oncifelis geoffroyi BP 22000 14-05-05 3732-12.JPG,
LABELS,69.7012023926,Mammal,Oncifelis geoffroyi BP 22000 14-05-05 3732-12.JPG,
LABELS,69.7012023926,Pet,Oncifelis geoffroyi BP 22000 14-05-05 3732-12.JPG,
LABELS,65.5809631348,Abyssinian,Oncifelis geoffroyi BP 22000 14-05-05 3732-12.JPG,
LABELS,59.7701416016,Ocelot,Oncifelis geoffroyi BP 22000 14-05-05 3732-12.JPG,
LABELS,53.6424751282,Field,Oncifelis geoffroyi B. Rococo 5-05-05 3731-30.JPG,
LABELS,53.6424751282,Grass,Oncifelis geoffroyi B. Rococo 5-05-05 3731-30.JPG,
LABELS,53.6424751282,Grassland,Oncifelis geoffroyi B. Rococo 5-05-05 3731-30.JPG,
LABELS,53.6424751282,Land,Oncifelis geoffroyi B. Rococo 5-05-05 3731-30.JPG,
LABELS,53.6424751282,Outdoors,Oncifelis geoffroyi B. Rococo 5-05-05 3731-30.JPG,
LABELS,52.9160575867,Plant,Oncifelis geoffroyi B. Rococo 5-05-05 3731-30.JPG,
LABELS,51.9100608826,Blossom,Oncifelis geoffroyi B. Rococo 5-05-05 3731-30.JPG,
LABELS,51.9100608826,Flora,Oncifelis geoffroyi B. Rococo 5-05-05 3731-30.JPG,
LABELS,51.9100608826,Flower,Oncifelis geoffroyi B. Rococo 5-05-05 3731-30.JPG,
LABELS,51.2904243469,Dirt Road,Oncifelis geoffroyi B. Rococo 5-05-05 3731-30.JPG,
LABELS,51.2904243469,Gravel,Oncifelis geoffroyi B. Rococo 5-05-05 3731-30.JPG,
LABELS,51.2904243469,Road,Oncifelis geoffroyi B. Rococo 5-05-05 3731-30.JPG,
LABELS,50.5975608826,Moss,Oncifelis geoffroyi B. Rococo 5-05-05 3731-30.JPG,
LABELS,93.437171936,Animal,Oncifelis geoffroyi B. Rococo 5-05-05 3731-31.JPG,
LABELS,93.437171936,Cat,Oncifelis geoffroyi B. Rococo 5-05-05 3731-31.JPG,
LABELS,93.437171936,Pet,Oncifelis geoffroyi B. Rococo 5-05-05 3731-31.JPG,
LABELS,93.437171936,Siamese,Oncifelis geoffroyi B. Rococo 5-05-05 3731-31.JPG,
LABELS,73.5703201294,Mammal,Oncifelis geoffroyi B. Rococo 5-05-05 3731-31.JPG,
LABELS,73.5703201294,Manx,Oncifelis geoffroyi B. Rococo 5-05-05 3731-31.JPG,
LABELS,69.1229476929,Kitten,Oncifelis geoffroyi B. Rococo 5-05-05 3731-31.JPG,
LABELS,94.7188415527,Animal,Oncifelis geoffroyi B. Rococo 5-05-05 3731-33.JPG,
LABELS,94.7188415527,Leopard,Oncifelis geoffroyi B. Rococo 5-05-05 3731-33.JPG,
LABELS,94.7188415527,Mammal,Oncifelis geoffroyi B. Rococo 5-05-05 3731-33.JPG,
LABELS,94.7188415527,Ocelot,Oncifelis geoffroyi B. Rococo 5-05-05 3731-33.JPG,
LABELS,89.3924942017,Cat,Oncifelis geoffroyi B. Rococo 5-05-05 3731-33.JPG,
LABELS,89.3924942017,Pet,Oncifelis geoffroyi B. Rococo 5-05-05 3731-33.JPG,
LABELS,76.1115646362,Manx,Oncifelis geoffroyi B. Rococo 5-05-05 3731-33.JPG,
LABELS,77.810333252,Animal,Oncifelis geoffroyi B. Rococo 5-05-05 3731-34.JPG,
LABELS,77.810333252,Leopard,Oncifelis geoffroyi B. Rococo 5-05-05 3731-34.JPG,
LABELS,77.810333252,Mammal,Oncifelis geoffroyi B. Rococo 5-05-05 3731-34.JPG,
LABELS,77.810333252,Ocelot,Oncifelis geoffroyi B. Rococo 5-05-05 3731-34.JPG,
LABELS,53.7477416992,Snow Leopard,Oncifelis geoffroyi B. Rococo 5-05-05 3731-34.JPG,
LABELS,80.4142913818,Animal,P.concolor 2003-12-27 5695-14 B.Principal-6000.JPG,
LABELS,80.4142913818,Cougar,P.concolor 2003-12-27 5695-14 B.Principal-6000.JPG,
LABELS,80.4142913818,Lion,P.concolor 2003-12-27 5695-14 B.Principal-6000.JPG,
LABELS,80.4142913818,Puma,P.concolor 2003-12-27 5695-14 B.Principal-6000.JPG,
LABELS,62.405128479,Dog,P.concolor 2003-12-27 5695-14 B.Principal-6000.JPG,
LABELS,62.405128479,Pet,P.concolor 2003-12-27 5695-14 B.Principal-6000.JPG,
LABELS,62.405128479,White Dog,P.concolor 2003-12-27 5695-14 B.Principal-6000.JPG,
LABELS,61.8492736816,Cat,P.concolor 2003-12-27 5695-14 B.Principal-6000.JPG,
LABELS,61.8492736816,Mammal,P.concolor 2003-12-27 5695-14 B.Principal-6000.JPG,
LABELS,52.1359672546,Alpaca,P.concolor 2003-12-27 5695-14 B.Principal-6000.JPG,
LABELS,52.1359672546,Llama,P.concolor 2003-12-27 5695-14 B.Principal-6000.JPG,
LABELS,51.1728210449,Dirt Road,P.concolor 2003-12-27 5695-14 B.Principal-6000.JPG,
LABELS,51.1728210449,Gravel,P.concolor 2003-12-27 5695-14 B.Principal-6000.JPG,
LABELS,51.1728210449,Road,P.concolor 2003-12-27 5695-14 B.Principal-6000.JPG,
LABELS,55.2892227173,Animal,Pconcolor 2494-23.JPG,
LABELS,55.2892227173,Dog,Pconcolor 2494-23.JPG,
LABELS,55.2892227173,Pet,Pconcolor 2494-23.JPG,
LABELS,55.2892227173,White Dog,Pconcolor 2494-23.JPG,
LABELS,54.0221328735,Canine,Pconcolor 2494-23.JPG,
LABELS,54.0221328735,Mammal,Pconcolor 2494-23.JPG,
LABELS,54.0221328735,Pointer,Pconcolor 2494-23.JPG,
LABELS,75.0375061035,Animal,Pconcolor 2502-3.JPG,
LABELS,75.0375061035,Cougar,Pconcolor 2502-3.JPG,
LABELS,75.0375061035,Lion,Pconcolor 2502-3.JPG,
LABELS,75.0375061035,Puma,Pconcolor 2502-3.JPG,
LABELS,61.246055603,Deer,Pconcolor 2502-3.JPG,
LABELS,61.246055603,Mammal,Pconcolor 2502-3.JPG,
LABELS,61.246055603,Wildlife,Pconcolor 2502-3.JPG,
LABELS,54.7416267395,Gazelle,Pconcolor 2502-3.JPG,
LABELS,54.7416267395,Impala,Pconcolor 2502-3.JPG,
LABELS,98.3378677368,Animal,Pconcolor 2511-5.JPG,
LABELS,98.3378677368,Cougar,Pconcolor 2511-5.JPG,
LABELS,98.3378677368,Lion,Pconcolor 2511-5.JPG,
LABELS,98.3378677368,Puma,Pconcolor 2511-5.JPG,
LABELS,97.4467926025,Animal,Pconcolor 3718-11.JPG,
LABELS,97.4467926025,Cougar,Pconcolor 3718-11.JPG,
LABELS,97.4467926025,Lion,Pconcolor 3718-11.JPG,
LABELS,97.4467926025,Puma,Pconcolor 3718-11.JPG,
LABELS,96.6647872925,Animal,Pconcolor 3718-7.JPG,
LABELS,96.6647872925,Cougar,Pconcolor 3718-7.JPG,
LABELS,96.6647872925,Lion,Pconcolor 3718-7.JPG,
LABELS,96.6647872925,Puma,Pconcolor 3718-7.JPG,
LABELS,52.5770721436,Dog,Pconcolor 3718-7.JPG,
LABELS,52.5770721436,Pet,Pconcolor 3718-7.JPG,
LABELS,52.5770721436,White Dog,Pconcolor 3718-7.JPG,
LABELS,79.0887298584,Animal,Pconcolor 3735-31.JPG,
LABELS,79.0887298584,Cougar,Pconcolor 3735-31.JPG,
LABELS,79.0887298584,Lion,Pconcolor 3735-31.JPG,
LABELS,79.0887298584,Puma,Pconcolor 3735-31.JPG,
LABELS,88.7439804077,Animal,Pconcolor 3739-26.JPG,
LABELS,88.7439804077,Canine,Pconcolor 3739-26.JPG,
LABELS,88.7439804077,Coyote,Pconcolor 3739-26.JPG,
LABELS,88.7439804077,Grey Fox,Pconcolor 3739-26.JPG,
LABELS,88.7439804077,Mammal,Pconcolor 3739-26.JPG,
LABELS,88.7439804077,Red Wolf,Pconcolor 3739-26.JPG,
LABELS,61.2747268677,Cougar,Pconcolor 3739-26.JPG,
LABELS,61.2747268677,Lion,Pconcolor 3739-26.JPG,
LABELS,61.2747268677,Puma,Pconcolor 3739-26.JPG,
LABELS,55.1477241516,Wolf,Pconcolor 3739-26.JPG,
LABELS,54.8092918396,Label,Pconcolor 3739-26.JPG,
LABELS,54.8092918396,Text,Pconcolor 3739-26.JPG,
LABELS,50.7102661133,Dirt Road,Pconcolor 3739-26.JPG,
LABELS,50.7102661133,Gravel,Pconcolor 3739-26.JPG,
LABELS,50.7102661133,Road,Pconcolor 3739-26.JPG,
LABELS,96.1887512207,Animal,Pconcolor 3739-27.JPG,
LABELS,96.1887512207,Canine,Pconcolor 3739-27.JPG,
LABELS,96.1887512207,Coyote,Pconcolor 3739-27.JPG,
LABELS,96.1887512207,Grey Fox,Pconcolor 3739-27.JPG,
LABELS,96.1887512207,Mammal,Pconcolor 3739-27.JPG,
LABELS,96.1887512207,Red Wolf,Pconcolor 3739-27.JPG,
LABELS,66.7769393921,Paper,Pconcolor 3739-27.JPG,
LABELS,66.7769393921,Text,Pconcolor 3739-27.JPG,
LABELS,66.7769393921,Ticket,Pconcolor 3739-27.JPG,
LABELS,59.7686347961,Asphalt,Pconcolor 3739-27.JPG,
LABELS,59.7686347961,Tarmac,Pconcolor 3739-27.JPG,
LABELS,57.8864631653,Label,Pconcolor 3739-27.JPG,
LABELS,51.7873420715,Ground,Pconcolor 3739-27.JPG,
LABELS,51.7873420715,Soil,Pconcolor 3739-27.JPG,
LABELS,51.1367683411,License,Pconcolor 3739-27.JPG,
LABELS,51.1367683411,License Plate,Pconcolor 3739-27.JPG,
LABELS,67.3782272339,Animal,Pconcolor 596-35.JPG,
LABELS,67.3782272339,Cougar,Pconcolor 596-35.JPG,
LABELS,67.3782272339,Lion,Pconcolor 596-35.JPG,
LABELS,67.3782272339,Puma,Pconcolor 596-35.JPG,
LABELS,62.1295394897,Animal,P.concolor B-Rancho Chico 3715-20.JPG,
LABELS,62.1295394897,Dog,P.concolor B-Rancho Chico 3715-20.JPG,
LABELS,62.1295394897,Pet,P.concolor B-Rancho Chico 3715-20.JPG,
LABELS,62.1295394897,White Dog,P.concolor B-Rancho Chico 3715-20.JPG,
LABELS,59.4834403992,Cougar,P.concolor B-Rancho Chico 3715-20.JPG,
LABELS,59.4834403992,Lion,P.concolor B-Rancho Chico 3715-20.JPG,
LABELS,59.4834403992,Puma,P.concolor B-Rancho Chico 3715-20.JPG,
LABELS,59.2433395386,Canine,P.concolor B-Rancho Chico 3715-20.JPG,
LABELS,59.2433395386,Coyote,P.concolor B-Rancho Chico 3715-20.JPG,
LABELS,59.2433395386,Grey Fox,P.concolor B-Rancho Chico 3715-20.JPG,
LABELS,59.2433395386,Mammal,P.concolor B-Rancho Chico 3715-20.JPG,
LABELS,59.2433395386,Red Wolf,P.concolor B-Rancho Chico 3715-20.JPG,
LABELS,74.2436981201,Abyssinian,P.concolor B.Solano-5000 3716-15.JPG,
LABELS,74.2436981201,Animal,P.concolor B.Solano-5000 3716-15.JPG,
LABELS,74.2436981201,Cat,P.concolor B.Solano-5000 3716-15.JPG,
LABELS,74.2436981201,Mammal,P.concolor B.Solano-5000 3716-15.JPG,
LABELS,74.2436981201,Pet,P.concolor B.Solano-5000 3716-15.JPG,
LABELS,66.9986801147,Siamese,P.concolor B.Solano-5000 3716-15.JPG,
LABELS,60.1411705017,Manx,P.concolor B.Solano-5000 3716-15.JPG,
LABELS,97.3838500977,Animal,P.concolor B.Solano-5000 3738-2.JPG,
LABELS,97.3838500977,Cougar,P.concolor B.Solano-5000 3738-2.JPG,
LABELS,97.3838500977,Lion,P.concolor B.Solano-5000 3738-2.JPG,
LABELS,97.3838500977,Puma,P.concolor B.Solano-5000 3738-2.JPG,
LABELS,64.5609664917,Gazelle,P.concolor B.Solano-5000 3738-2.JPG,
LABELS,64.5609664917,Impala,P.concolor B.Solano-5000 3738-2.JPG,
LABELS,64.5609664917,Mammal,P.concolor B.Solano-5000 3738-2.JPG,
LABELS,64.5609664917,Wildlife,P.concolor B.Solano-5000 3738-2.JPG,
LABELS,96.4664993286,Animal,P.gymnocercus 2003-12-26 5701-11 S.Ana-0.JPG,
LABELS,96.4664993286,Canine,P.gymnocercus 2003-12-26 5701-11 S.Ana-0.JPG,
LABELS,96.4664993286,Dog,P.gymnocercus 2003-12-26 5701-11 S.Ana-0.JPG,
LABELS,96.4664993286,Husky,P.gymnocercus 2003-12-26 5701-11 S.Ana-0.JPG,
LABELS,96.4664993286,Mammal,P.gymnocercus 2003-12-26 5701-11 S.Ana-0.JPG,
LABELS,96.4664993286,Pet,P.gymnocercus 2003-12-26 5701-11 S.Ana-0.JPG,
LABELS,86.5209884644,White Dog,P.gymnocercus 2003-12-26 5701-11 S.Ana-0.JPG,
LABELS,78.8925323486,Coyote,P.gymnocercus 2003-12-26 5701-11 S.Ana-0.JPG,
LABELS,78.8925323486,Grey Fox,P.gymnocercus 2003-12-26 5701-11 S.Ana-0.JPG,
LABELS,78.8925323486,Red Wolf,P.gymnocercus 2003-12-26 5701-11 S.Ana-0.JPG,
LABELS,96.913444519,Animal,pgymnocercus 9209-8 Sta.Ana-6000.jpg,
LABELS,96.913444519,Canine,pgymnocercus 9209-8 Sta.Ana-6000.jpg,
LABELS,96.913444519,Coyote,pgymnocercus 9209-8 Sta.Ana-6000.jpg,
LABELS,96.913444519,Grey Fox,pgymnocercus 9209-8 Sta.Ana-6000.jpg,
LABELS,96.913444519,Mammal,pgymnocercus 9209-8 Sta.Ana-6000.jpg,
LABELS,96.913444519,Red Wolf,pgymnocercus 9209-8 Sta.Ana-6000.jpg,
LABELS,75.6176528931,Dog,pgymnocercus 9209-8 Sta.Ana-6000.jpg,
LABELS,75.6176528931,Pet,pgymnocercus 9209-8 Sta.Ana-6000.jpg,
LABELS,75.6176528931,White Dog,pgymnocercus 9209-8 Sta.Ana-6000.jpg,
LABELS,62.9114685059,Fox,pgymnocercus 9209-8 Sta.Ana-6000.jpg,
LABELS,62.9114685059,Kit Fox,pgymnocercus 9209-8 Sta.Ana-6000.jpg,
LABELS,62.9114685059,Red Fox,pgymnocercus 9209-8 Sta.Ana-6000.jpg,
LABELS,57.5825691223,Husky,pgymnocercus 9209-8 Sta.Ana-6000.jpg,
LABELS,99.1698150635,Animal,pgymnocercus 9209-9 Sta.Ana-6000.jpg,
LABELS,99.1698150635,Canine,pgymnocercus 9209-9 Sta.Ana-6000.jpg,
LABELS,99.1698150635,Coyote,pgymnocercus 9209-9 Sta.Ana-6000.jpg,
LABELS,99.1698150635,Grey Fox,pgymnocercus 9209-9 Sta.Ana-6000.jpg,
LABELS,99.1698150635,Mammal,pgymnocercus 9209-9 Sta.Ana-6000.jpg,
LABELS,99.1698150635,Red Wolf,pgymnocercus 9209-9 Sta.Ana-6000.jpg,
LABELS,66.5999755859,Dog,pgymnocercus 9209-9 Sta.Ana-6000.jpg,
LABELS,66.5999755859,Husky,pgymnocercus 9209-9 Sta.Ana-6000.jpg,
LABELS,66.5999755859,Pet,pgymnocercus 9209-9 Sta.Ana-6000.jpg,
LABELS,77.3830566406,Animal,Pgymnocercus-cara 596-37.JPG,
LABELS,77.3830566406,Canine,Pgymnocercus-cara 596-37.JPG,
LABELS,77.3830566406,Coyote,Pgymnocercus-cara 596-37.JPG,
LABELS,77.3830566406,Grey Fox,Pgymnocercus-cara 596-37.JPG,
LABELS,77.3830566406,Mammal,Pgymnocercus-cara 596-37.JPG,
LABELS,77.3830566406,Red Wolf,Pgymnocercus-cara 596-37.JPG,
LABELS,76.6144485474,Fox,Pgymnocercus-cara 596-37.JPG,
LABELS,62.0945739746,Kit Fox,Pgymnocercus-cara 596-37.JPG,
LABELS,62.0945739746,Red Fox,Pgymnocercus-cara 596-37.JPG,
LABELS,58.4007873535,Arctic Fox,Pgymnocercus-cara 596-37.JPG,
LABELS,59.8943367004,Plant,P.onca 2003-12-20 5695-3 B.Principal-6000.JPG,
LABELS,59.8943367004,Vegetation,P.onca 2003-12-20 5695-3 B.Principal-6000.JPG,
LABELS,52.469909668,Dirt Road,P.onca 2003-12-20 5695-3 B.Principal-6000.JPG,
LABELS,52.469909668,Gravel,P.onca 2003-12-20 5695-3 B.Principal-6000.JPG,
LABELS,52.469909668,Road,P.onca 2003-12-20 5695-3 B.Principal-6000.JPG,
LABELS,51.0305595398,Field,P.onca 2003-12-20 5695-3 B.Principal-6000.JPG,
LABELS,51.0305595398,Grass,P.onca 2003-12-20 5695-3 B.Principal-6000.JPG,
LABELS,51.0305595398,Grassland,P.onca 2003-12-20 5695-3 B.Principal-6000.JPG,
LABELS,50.9295654297,Cushion,P.onca 2003-12-20 5695-3 B.Principal-6000.JPG,
LABELS,50.9295654297,Home Decor,P.onca 2003-12-20 5695-3 B.Principal-6000.JPG,
LABELS,50.9295654297,Pillow,P.onca 2003-12-20 5695-3 B.Principal-6000.JPG,
LABELS,94.0000152588,Animal,P.onca 2004-01-08 5713-6 B. Gareca-6000.JPG,
LABELS,94.0000152588,Cat,P.onca 2004-01-08 5713-6 B. Gareca-6000.JPG,
LABELS,94.0000152588,Mammal,P.onca 2004-01-08 5713-6 B. Gareca-6000.JPG,
LABELS,94.0000152588,Pet,P.onca 2004-01-08 5713-6 B. Gareca-6000.JPG,
LABELS,63.3501930237,Leopard,P.onca 2004-01-08 5713-6 B. Gareca-6000.JPG,
LABELS,63.3501930237,Ocelot,P.onca 2004-01-08 5713-6 B. Gareca-6000.JPG,
LABELS,55.2816085815,Jaguar,P.onca 2004-01-08 5713-6 B. Gareca-6000.JPG,
LABELS,51.5974121094,Field,P.onca 2004-01-08 5713-6 B. Gareca-6000.JPG,
LABELS,51.5974121094,Grass,P.onca 2004-01-08 5713-6 B. Gareca-6000.JPG,
LABELS,51.5974121094,Grassland,P.onca 2004-01-08 5713-6 B. Gareca-6000.JPG,
LABELS,51.5974121094,Plant,P.onca 2004-01-08 5713-6 B. Gareca-6000.JPG,
LABELS,50.8227577209,Dirt Road,P.onca 2004-01-08 5713-6 B. Gareca-6000.JPG,
LABELS,50.8227577209,Gravel,P.onca 2004-01-08 5713-6 B. Gareca-6000.JPG,
LABELS,50.8227577209,Road,P.onca 2004-01-08 5713-6 B. Gareca-6000.JPG,
LABELS,86.9918289185,Animal,ponca 2493-5.JPG,
LABELS,86.9918289185,Jaguar,ponca 2493-5.JPG,
LABELS,86.9918289185,Leopard,ponca 2493-5.JPG,
LABELS,53.3662452698,Mammal,ponca 2493-5.JPG,
LABELS,53.3662452698,Ocelot,ponca 2493-5.JPG,
LABELS,51.0817527771,Outdoors,ponca 2493-5.JPG,
LABELS,51.0817527771,Sea,ponca 2493-5.JPG,
LABELS,51.0817527771,Water,ponca 2493-5.JPG,
LABELS,72.0640029907,Animal,ponca 9209-13 Sta.Ana-6000.jpg,
LABELS,72.0640029907,Jaguar,ponca 9209-13 Sta.Ana-6000.jpg,
LABELS,72.0640029907,Leopard,ponca 9209-13 Sta.Ana-6000.jpg,
LABELS,69.4485473633,Sea Life,ponca 9209-13 Sta.Ana-6000.jpg,
LABELS,58.0597686768,Mammal,ponca 9209-13 Sta.Ana-6000.jpg,
LABELS,58.0597686768,Ocelot,ponca 9209-13 Sta.Ana-6000.jpg,
LABELS,53.0721588135,Wildlife,ponca 9209-13 Sta.Ana-6000.jpg,
LABELS,98.4101028442,Animal,Pseudalopex gymnocercus B. Rococo 1-05-05 3731-27.JPG,
LABELS,98.4101028442,Canine,Pseudalopex gymnocercus B. Rococo 1-05-05 3731-27.JPG,
LABELS,98.4101028442,Coyote,Pseudalopex gymnocercus B. Rococo 1-05-05 3731-27.JPG,
LABELS,98.4101028442,Grey Fox,Pseudalopex gymnocercus B. Rococo 1-05-05 3731-27.JPG,
LABELS,98.4101028442,Mammal,Pseudalopex gymnocercus B. Rococo 1-05-05 3731-27.JPG,
LABELS,98.4101028442,Red Wolf,Pseudalopex gymnocercus B. Rococo 1-05-05 3731-27.JPG,
LABELS,84.0347976685,Fox,Pseudalopex gymnocercus B. Rococo 1-05-05 3731-27.JPG,
LABELS,84.0347976685,Kit Fox,Pseudalopex gymnocercus B. Rococo 1-05-05 3731-27.JPG,
LABELS,84.0347976685,Red Fox,Pseudalopex gymnocercus B. Rococo 1-05-05 3731-27.JPG,
LABELS,67.2274703979,Wolf,Pseudalopex gymnocercus B. Rococo 1-05-05 3731-27.JPG,
LABELS,97.4662857056,Animal,Puma concolor B. Rococo 3-04-05 3727-19.JPG,
LABELS,97.4662857056,Cougar,Puma concolor B. Rococo 3-04-05 3727-19.JPG,
LABELS,97.4662857056,Lion,Puma concolor B. Rococo 3-04-05 3727-19.JPG,
LABELS,97.4662857056,Puma,Puma concolor B. Rococo 3-04-05 3727-19.JPG,
LABELS,98.0422439575,Animal,Puma concolor Salitral 3730-22.JPG,
LABELS,98.0422439575,Cougar,Puma concolor Salitral 3730-22.JPG,
LABELS,98.0422439575,Lion,Puma concolor Salitral 3730-22.JPG,
LABELS,98.0422439575,Puma,Puma concolor Salitral 3730-22.JPG,
LABELS,60.9088821411,Canine,Puma concolor Salitral 3730-22.JPG,
LABELS,60.9088821411,Coyote,Puma concolor Salitral 3730-22.JPG,
LABELS,60.9088821411,Grey Fox,Puma concolor Salitral 3730-22.JPG,
LABELS,60.9088821411,Mammal,Puma concolor Salitral 3730-22.JPG,
LABELS,60.9088821411,Red Wolf,Puma concolor Salitral 3730-22.JPG,
LABELS,56.2513580322,Dog,Puma concolor Salitral 3730-22.JPG,
LABELS,56.2513580322,Pet,Puma concolor Salitral 3730-22.JPG,
LABELS,56.2513580322,White Dog,Puma concolor Salitral 3730-22.JPG,
LABELS,99.1548995972,Bird,R.americana 2003-12-31 5707-30 Gareca-6000.JPG,
LABELS,99.1548995972,Crane Bird,R.americana 2003-12-31 5707-30 Gareca-6000.JPG,
LABELS,99.1548995972,Heron,R.americana 2003-12-31 5707-30 Gareca-6000.JPG,
LABELS,73.971321106,Eel,R.americana 2003-12-31 5707-30 Gareca-6000.JPG,
LABELS,73.971321106,Fish,R.americana 2003-12-31 5707-30 Gareca-6000.JPG,
LABELS,73.971321106,Sea Life,R.americana 2003-12-31 5707-30 Gareca-6000.JPG,
LABELS,60.0378646851,Beak,R.americana 2003-12-31 5707-30 Gareca-6000.JPG,
LABELS,58.2491378784,Grassland,R.americana 2003-12-31 5707-30 Gareca-6000.JPG,
LABELS,58.2491378784,Outdoors,R.americana 2003-12-31 5707-30 Gareca-6000.JPG,
LABELS,58.2491378784,Savanna,R.americana 2003-12-31 5707-30 Gareca-6000.JPG,
LABELS,50.5105361938,Plant,R.americana 2003-12-31 5707-30 Gareca-6000.JPG,
LABELS,50.5105361938,Vegetation,R.americana 2003-12-31 5707-30 Gareca-6000.JPG,
LABELS,90.5109100342,Blizzard,ramericana 5299-4 Gareca-2000.JPG,
LABELS,90.5109100342,Outdoors,ramericana 5299-4 Gareca-2000.JPG,
LABELS,90.5109100342,Snow,ramericana 5299-4 Gareca-2000.JPG,
LABELS,90.5109100342,Weather,ramericana 5299-4 Gareca-2000.JPG,
LABELS,90.5109100342,Winter,ramericana 5299-4 Gareca-2000.JPG,
LABELS,64.9323577881,Bird,ramericana 5299-4 Gareca-2000.JPG,
LABELS,64.9323577881,Crane Bird,ramericana 5299-4 Gareca-2000.JPG,
LABELS,64.9323577881,Heron,ramericana 5299-4 Gareca-2000.JPG,
LABELS,50.5804901123,Field,ramericana 5299-4 Gareca-2000.JPG,
LABELS,50.5804901123,Grass,ramericana 5299-4 Gareca-2000.JPG,
LABELS,50.5804901123,Grassland,ramericana 5299-4 Gareca-2000.JPG,
LABELS,50.5804901123,Plant,ramericana 5299-4 Gareca-2000.JPG,
LABELS,91.1910629272,Reptile,R.americana 5713-13 Gareca-6000.JPG,
LABELS,91.1910629272,Sea Life,R.americana 5713-13 Gareca-6000.JPG,
LABELS,91.1910629272,Sea Snake,R.americana 5713-13 Gareca-6000.JPG,
LABELS,91.1910629272,Snake,R.americana 5713-13 Gareca-6000.JPG,
LABELS,58.2448501587,Bird,R.americana 5713-13 Gareca-6000.JPG,
LABELS,58.2448501587,Crane Bird,R.americana 5713-13 Gareca-6000.JPG,
LABELS,58.2448501587,Heron,R.americana 5713-13 Gareca-6000.JPG,
LABELS,53.5522537231,Ostrich,R.americana 5713-13 Gareca-6000.JPG,
LABELS,98.2881774902,Animal,Ttajacu 2493-25.JPG,
LABELS,98.2881774902,Boar,Ttajacu 2493-25.JPG,
LABELS,98.2881774902,Hog,Ttajacu 2493-25.JPG,
LABELS,98.2881774902,Mammal,Ttajacu 2493-25.JPG,
LABELS,98.2881774902,Pig,Ttajacu 2493-25.JPG,
LABELS,58.6165084839,Halloween,T.terrestris 2004-01-11 5715-8 S.Ana-4000.JPG,
LABELS,96.8977661133,Animal,visca 3728-10.JPG,
LABELS,96.8977661133,Mammal,visca 3728-10.JPG,
LABELS,96.8977661133,Possum,visca 3728-10.JPG,
LABELS,51.2240104675,Asphalt,visca 3728-10.JPG,
LABELS,51.2240104675,Tarmac,visca 3728-10.JPG,
LABELS,92.140586853,Animal,visca 3728-13 rasca.JPG,
LABELS,92.140586853,Kangaroo,visca 3728-13 rasca.JPG,
LABELS,92.140586853,Mammal,visca 3728-13 rasca.JPG,
LABELS,92.140586853,Wallaby,visca 3728-13 rasca.JPG,
LABELS,81.083694458,Possum,visca 3728-13 rasca.JPG,
LABELS,65.5555114746,Conifer,visca 3728-13 rasca.JPG,
LABELS,65.5555114746,Fir,visca 3728-13 rasca.JPG,
LABELS,65.5555114746,Plant,visca 3728-13 rasca.JPG,
LABELS,65.5555114746,Tree,visca 3728-13 rasca.JPG,
LABELS,65.4368743896,Wood,visca 3728-13 rasca.JPG,
LABELS,65.4368743896,Yew,visca 3728-13 rasca.JPG,
LABELS,57.7928352356,Forest,visca 3728-13 rasca.JPG,
LABELS,57.7928352356,Jungle,visca 3728-13 rasca.JPG,
LABELS,57.7928352356,Rainforest,visca 3728-13 rasca.JPG,
LABELS,57.7928352356,Vegetation,visca 3728-13 rasca.JPG,
LABELS,52.3929290771,Moss,visca 3728-13 rasca.JPG,
LABELS,51.6554603577,Blossom,visca 3728-13 rasca.JPG,
LABELS,51.6554603577,Flora,visca 3728-13 rasca.JPG,
LABELS,51.6554603577,Flower,visca 3728-13 rasca.JPG,
LABELS,51.5528678894,Outdoors,visca 3728-13 rasca.JPG,
LABELS,51.176815033,Abies,visca 3728-13 rasca.JPG,
LABELS,51.176815033,Spruce,visca 3728-13 rasca.JPG,
LABELS,50.6729240417,Soil,visca 3728-13 rasca.JPG,
LABELS,50.6125221252,Pine,visca 3728-13 rasca.JPG,
LABELS,93.5325927734,Animal,visca 3728-26.JPG,
LABELS,93.5325927734,Kangaroo,visca 3728-26.JPG,
LABELS,93.5325927734,Mammal,visca 3728-26.JPG,
LABELS,93.5325927734,Wallaby,visca 3728-26.JPG,
LABELS,73.0682144165,Plant,visca 3728-26.JPG,
LABELS,73.0682144165,Tree,visca 3728-26.JPG,
LABELS,67.9725799561,Possum,visca 3728-26.JPG,
LABELS,64.8819503784,Forest,visca 3728-26.JPG,
LABELS,64.8819503784,Vegetation,visca 3728-26.JPG,
LABELS,58.2311210632,Canine,visca 3728-26.JPG,
LABELS,58.2311210632,Coyote,visca 3728-26.JPG,
LABELS,58.2311210632,Grey Fox,visca 3728-26.JPG,
LABELS,58.2311210632,Red Wolf,visca 3728-26.JPG,
LABELS,55.8729057312,Jungle,visca 3728-26.JPG,
LABELS,55.1160736084,Rainforest,visca 3728-26.JPG,
LABELS,54.9563179016,Bush,visca 3728-26.JPG,
LABELS,53.4177703857,Oak,visca 3728-26.JPG,
LABELS,53.4177703857,Wood,visca 3728-26.JPG,
LABELS,53.1663017273,Ivy,visca 3728-26.JPG,
LABELS,53.1663017273,Vine,visca 3728-26.JPG,
LABELS,52.6428337097,Outdoors,visca 3728-26.JPG,
LABELS,52.1063575745,Grove,visca 3728-26.JPG,
LABELS,52.1063575745,Land,visca 3728-26.JPG,
LABELS,51.8248023987,Blossom,visca 3728-26.JPG,
LABELS,51.8248023987,Flora,visca 3728-26.JPG,
LABELS,51.8248023987,Flower,visca 3728-26.JPG,
LABELS,51.5701408386,Birch,visca 3728-26.JPG,
LABELS,51.067073822,Conifer,visca 3728-26.JPG,
LABELS,51.067073822,Fir,visca 3728-26.JPG,
LABELS,50.9117431641,Adorable,visca 3728-26.JPG,
LABELS,91.1655197144,Animal,visca 3734-16.JPG,
LABELS,91.1655197144,Mammal,visca 3734-16.JPG,
LABELS,91.1655197144,Rat,visca 3734-16.JPG,
LABELS,91.1655197144,Rodent,visca 3734-16.JPG,
LABELS,66.2998886108,Forest,visca 3734-28.JPG,
LABELS,66.2998886108,Vegetation,visca 3734-28.JPG,
LABELS,58.4655303955,Jungle,visca 3734-28.JPG,
LABELS,58.4655303955,Rainforest,visca 3734-28.JPG,
LABELS,57.5980682373,Conifer,visca 3734-28.JPG,
LABELS,57.5980682373,Plant,visca 3734-28.JPG,
LABELS,57.5980682373,Tree,visca 3734-28.JPG,
LABELS,57.5980682373,Wood,visca 3734-28.JPG,
LABELS,57.5980682373,Yew,visca 3734-28.JPG,
LABELS,53.7174873352,Bush,visca 3734-28.JPG,
LABELS,53.7012405396,Fir,visca 3734-28.JPG,
LABELS,52.1919250488,Blossom,visca 3734-28.JPG,
LABELS,52.1919250488,Flora,visca 3734-28.JPG,
LABELS,52.1919250488,Flower,visca 3734-28.JPG,
LABELS,51.125289917,Field,visca 3734-28.JPG,
LABELS,51.125289917,Grass,visca 3734-28.JPG,
LABELS,51.125289917,Grassland,visca 3734-28.JPG,
LABELS,51.0926055908,Moss,visca 3734-28.JPG,
LABELS,50.7387771606,Outdoors,visca 3734-28.JPG,
LABELS,50.7033882141,Fence,visca 3734-28.JPG,
LABELS,50.7033882141,Hedge,visca 3734-28.JPG,
LABELS,70.3472824097,Animal,visca 3734-29.JPG,
LABELS,70.3472824097,Chinchilla,visca 3734-29.JPG,
LABELS,70.3472824097,Mammal,visca 3734-29.JPG,
LABELS,70.3472824097,Rodent,visca 3734-29.JPG,
LABELS,64.374671936,Kangaroo,visca 3734-29.JPG,
LABELS,64.374671936,Wallaby,visca 3734-29.JPG,
LABELS,96.5161590576,Animal,visca 3734-30.JPG,
LABELS,96.5161590576,Kangaroo,visca 3734-30.JPG,
LABELS,96.5161590576,Mammal,visca 3734-30.JPG,
LABELS,96.5161590576,Wallaby,visca 3734-30.JPG,
LABELS,88.543296814,Chinchilla,visca 3734-30.JPG,
LABELS,88.543296814,Rodent,visca 3734-30.JPG,
LABELS,74.1576766968,Canine,visca 3734-30.JPG,
LABELS,74.1576766968,Dog,visca 3734-30.JPG,
LABELS,74.1576766968,Eskimo Dog,visca 3734-30.JPG,
LABELS,74.1576766968,Husky,visca 3734-30.JPG,
LABELS,74.1576766968,Pet,visca 3734-30.JPG,
LABELS,74.0428466797,Possum,visca 3734-30.JPG,
LABELS,69.3381500244,Cat,visca 3734-30.JPG,
LABELS,69.3381500244,Siamese,visca 3734-30.JPG,
LABELS,60.1154975891,Conifer,visca 3734-30.JPG,
LABELS,60.1154975891,Plant,visca 3734-30.JPG,
LABELS,60.1154975891,Tree,visca 3734-30.JPG,
LABELS,60.1154975891,Wood,visca 3734-30.JPG,
LABELS,60.1154975891,Yew,visca 3734-30.JPG,
LABELS,53.8327445984,Fence,visca 3734-30.JPG,
LABELS,53.8327445984,Hedge,visca 3734-30.JPG,
LABELS,53.1436271667,Soil,visca 3734-30.JPG,
LABELS,52.8049697876,Forest,visca 3734-30.JPG,
LABELS,52.8049697876,Vegetation,visca 3734-30.JPG,
LABELS,52.3316497803,Vine,visca 3734-30.JPG,
LABELS,52.0112762451,Jungle,visca 3734-30.JPG,
LABELS,52.0112762451,Rainforest,visca 3734-30.JPG,
LABELS,51.5176544189,Moss,visca 3734-30.JPG,
LABELS,51.0641212463,Oak,visca 3734-30.JPG,
LABELS,51.0641212463,Sycamore,visca 3734-30.JPG,
LABELS,51.0641212463,Tree Trunk,visca 3734-30.JPG,
LABELS,50.6603355408,Abyssinian,visca 3734-30.JPG,
LABELS,50.5484352112,Outdoors,visca 3734-30.JPG,
LABELS,50.5098152161,Fir,visca 3734-30.JPG,
LABELS,72.5261306763,Conifer,visca 3734-31.JPG,
LABELS,72.5261306763,Plant,visca 3734-31.JPG,
LABELS,72.5261306763,Tree,visca 3734-31.JPG,
LABELS,72.5261306763,Wood,visca 3734-31.JPG,
LABELS,72.5261306763,Yew,visca 3734-31.JPG,
LABELS,67.6049423218,Fir,visca 3734-31.JPG,
LABELS,60.6280021667,Animal,visca 3734-31.JPG,
LABELS,60.6280021667,Kangaroo,visca 3734-31.JPG,
LABELS,60.6280021667,Mammal,visca 3734-31.JPG,
LABELS,60.6280021667,Wallaby,visca 3734-31.JPG,
LABELS,59.2432136536,Forest,visca 3734-31.JPG,
LABELS,59.2432136536,Vegetation,visca 3734-31.JPG,
LABELS,54.9318084717,Jungle,visca 3734-31.JPG,
LABELS,54.9318084717,Rainforest,visca 3734-31.JPG,
LABELS,54.6463546753,Vine,visca 3734-31.JPG,
LABELS,52.9871940613,Ivy,visca 3734-31.JPG,
LABELS,51.9011611938,Canine,visca 3734-31.JPG,
LABELS,51.9011611938,Red Wolf,visca 3734-31.JPG,
LABELS,51.9011611938,Wolf,visca 3734-31.JPG,
LABELS,51.8735580444,Soil,visca 3734-31.JPG,
LABELS,51.3606071472,Moss,visca 3734-31.JPG,
LABELS,51.2201118469,Blossom,visca 3734-31.JPG,
LABELS,51.2201118469,Flora,visca 3734-31.JPG,
LABELS,51.2201118469,Flower,visca 3734-31.JPG,
LABELS,51.2055206299,Fence,visca 3734-31.JPG,
LABELS,51.2055206299,Hedge,visca 3734-31.JPG,
LABELS,51.0706596375,Pine,visca 3734-31.JPG,
LABELS,51.0706596375,Spruce,visca 3734-31.JPG,
LABELS,50.8514709473,Abies,visca 3734-31.JPG,
LABELS,84.9729385376,Abyssinian,visca 3734-3.JPG,
LABELS,84.9729385376,Animal,visca 3734-3.JPG,
LABELS,84.9729385376,Cat,visca 3734-3.JPG,
LABELS,84.9729385376,Mammal,visca 3734-3.JPG,
LABELS,84.9729385376,Pet,visca 3734-3.JPG,
LABELS,76.7968215942,Canine,visca 3734-3.JPG,
LABELS,76.7968215942,Coyote,visca 3734-3.JPG,
LABELS,76.7968215942,Grey Fox,visca 3734-3.JPG,
LABELS,76.7968215942,Red Wolf,visca 3734-3.JPG,
LABELS,51.9767417908,Dog,visca 3734-3.JPG,
LABELS,51.9767417908,Husky,visca 3734-3.JPG,
LABELS,96.1833190918,Animal,visca 3743-23.JPG,
LABELS,96.1833190918,Canine,visca 3743-23.JPG,
LABELS,96.1833190918,Fox,visca 3743-23.JPG,
LABELS,96.1833190918,Grey Fox,visca 3743-23.JPG,
LABELS,96.1833190918,Kit Fox,visca 3743-23.JPG,
LABELS,96.1833190918,Mammal,visca 3743-23.JPG,
LABELS,96.1833190918,Red Fox,visca 3743-23.JPG,
LABELS,72.7439422607,Possum,visca 3743-23.JPG,
LABELS,61.602104187,Coyote,visca 3743-23.JPG,
LABELS,61.602104187,Red Wolf,visca 3743-23.JPG,
LABELS,53.5566635132,Abyssinian,visca 3743-23.JPG,
LABELS,53.5566635132,Cat,visca 3743-23.JPG,
LABELS,53.5566635132,Pet,visca 3743-23.JPG,
LABELS,84.3924560547,Animal,visca 3743-24.JPG,
LABELS,84.3924560547,Mammal,visca 3743-24.JPG,
LABELS,84.3924560547,Possum,visca 3743-24.JPG,
LABELS,53.8854370117,Canine,visca 3743-24.JPG,
LABELS,53.8854370117,Coyote,visca 3743-24.JPG,
LABELS,53.8854370117,Grey Fox,visca 3743-24.JPG,
LABELS,53.8854370117,Red Wolf,visca 3743-24.JPG,
LABELS,97.7395706177,Animal,visca 3743-4.JPG,
LABELS,97.7395706177,Mammal,visca 3743-4.JPG,
LABELS,97.7395706177,Possum,visca 3743-4.JPG,
LABELS,89.8846817017,Moss,visca 3743-4.JPG,
LABELS,89.8846817017,Plant,visca 3743-4.JPG,
LABELS,88.4887161255,Kangaroo,visca 3743-4.JPG,
LABELS,88.4887161255,Wallaby,visca 3743-4.JPG,
LABELS,68.0856628418,Conifer,visca 3743-4.JPG,
LABELS,68.0856628418,Fir,visca 3743-4.JPG,
LABELS,68.0856628418,Pine,visca 3743-4.JPG,
LABELS,68.0856628418,Spruce,visca 3743-4.JPG,
LABELS,68.0856628418,Tree,visca 3743-4.JPG,
LABELS,67.9002914429,Wood,visca 3743-4.JPG,
LABELS,67.9002914429,Yew,visca 3743-4.JPG,
LABELS,62.5466995239,Forest,visca 3743-4.JPG,
LABELS,62.5466995239,Jungle,visca 3743-4.JPG,
LABELS,61.7278938293,Canine,visca 3743-4.JPG,
LABELS,61.7278938293,Coyote,visca 3743-4.JPG,
LABELS,61.7278938293,Grey Fox,visca 3743-4.JPG,
LABELS,61.7278938293,Red Wolf,visca 3743-4.JPG,
LABELS,61.0830917358,Vegetation,visca 3743-4.JPG,
LABELS,58.458114624,Ivy,visca 3743-4.JPG,
LABELS,58.458114624,Vine,visca 3743-4.JPG,
LABELS,55.7426795959,Soil,visca 3743-4.JPG,
LABELS,55.3588027954,Rainforest,visca 3743-4.JPG,
LABELS,54.7150192261,Bush,visca 3743-4.JPG,
LABELS,53.9140472412,Outdoors,visca 3743-4.JPG,
LABELS,53.4805641174,Grove,visca 3743-4.JPG,
LABELS,53.4805641174,Land,visca 3743-4.JPG,
LABELS,53.1206855774,Blossom,visca 3743-4.JPG,
LABELS,53.1206855774,Flora,visca 3743-4.JPG,
LABELS,53.1206855774,Flower,visca 3743-4.JPG,
LABELS,50.5331573486,Fence,visca 3743-4.JPG,
LABELS,50.5331573486,Hedge,visca 3743-4.JPG,
LABELS,98.3051147461,Animal,visca 3743-8.JPG,
LABELS,98.3051147461,Mammal,visca 3743-8.JPG,
LABELS,98.3051147461,Possum,visca 3743-8.JPG,
LABELS,67.9950790405,Chinchilla,visca 3743-8.JPG,
LABELS,67.9950790405,Rodent,visca 3743-8.JPG,
LABELS,59.6114692688,Abyssinian,visca 3743-8.JPG,
LABELS,59.6114692688,Cat,visca 3743-8.JPG,
LABELS,59.6114692688,Pet,visca 3743-8.JPG,
LABELS,98.4761352539,Animal,viscacha 3718-10.JPG,
LABELS,98.4761352539,Kangaroo,viscacha 3718-10.JPG,
LABELS,98.4761352539,Mammal,viscacha 3718-10.JPG,
LABELS,98.4761352539,Wallaby,viscacha 3718-10.JPG,
