mid,description,score,File
/m/038hg,green,0.9538745,12227_tapir.jpg
/m/02mhj,ecosystem,0.941814,12227_tapir.jpg
/m/035qhg,fauna,0.9375409,12227_tapir.jpg
/m/01280g,wildlife,0.8479804,12227_tapir.jpg
/m/08t9c_,grass,0.7749402,12227_tapir.jpg
/m/05nnm,organism,0.7118188,12227_tapir.jpg
/m/01jb4,biome,0.68641543,12227_tapir.jpg
/m/0838f,water,0.64339584,12227_tapir.jpg
/m/01y3fy,jungle,0.5057828,12227_tapir.jpg
/m/0838f,water,0.8301612,12231_porcupine.jpg
/m/01ctsf,atmosphere,0.80712306,12231_porcupine.jpg
/m/0gjyk,phenomenon,0.7547649,12231_porcupine.jpg
/m/01bqvp,sky,0.7510709,12231_porcupine.jpg
/m/05nnm,organism,0.6939272,12231_porcupine.jpg
/m/0521dbh,texture,0.65364844,12231_porcupine.jpg
/m/08t9c_,grass,0.59169805,12231_porcupine.jpg
/m/050vn,marine biology,0.5723173,12231_porcupine.jpg
/m/06wqb,space,0.51799035,12231_porcupine.jpg
/m/02mhj,ecosystem,0.9545208,3743-2.JPG
/m/035qhg,fauna,0.9421276,3743-2.JPG
/m/01553z,ratite,0.8792859,3743-2.JPG
/m/01280g,wildlife,0.8707667,3743-2.JPG
/m/0swq_,nature reserve,0.8690593,3743-2.JPG
/m/05n4y,ostrich,0.83674127,3743-2.JPG
/m/015p6,bird,0.83175576,3743-2.JPG
/m/0k64b,emu,0.76615614,3743-2.JPG
/m/03qqnt,flightless bird,0.63703924,3743-2.JPG
/m/0cblv,ecoregion,0.6154634,3743-2.JPG
/m/035qhg,fauna,0.93589884,ave rapaz-3734-19.JPG
/m/02mhj,ecosystem,0.87562615,ave rapaz-3734-19.JPG
/m/01280g,wildlife,0.8572611,ave rapaz-3734-19.JPG
/m/015p6,bird,0.7039605,ave rapaz-3734-19.JPG
/m/07j7r,tree,0.62678707,ave rapaz-3734-19.JPG
/m/01c4rd,beak,0.5401513,ave rapaz-3734-19.JPG
/m/08t9c_,grass,0.52973235,ave rapaz-3734-19.JPG
/m/0km7z,skunk,0.9253288,Cchinga B-Rancho Chico 3715-14.JPG
/m/035qhg,fauna,0.9248608,Cchinga B-Rancho Chico 3715-14.JPG
/m/06z_nw,tail,0.79939973,Cchinga B-Rancho Chico 3715-14.JPG
/m/05mqq3,snout,0.5163377,Cchinga B-Rancho Chico 3715-14.JPG
/m/02mhj,ecosystem,0.90061635,chunga 3728-5.JPG
/m/035qhg,fauna,0.89517736,chunga 3728-5.JPG
/m/015p6,bird,0.84458333,chunga 3728-5.JPG
/m/01c4rd,beak,0.66654044,chunga 3728-5.JPG
/m/07j7r,tree,0.62968546,chunga 3728-5.JPG
/m/01280g,wildlife,0.5831903,chunga 3728-5.JPG
/m/0fkrk,grass family,0.519162,chunga 3728-5.JPG
/m/08t9c_,grass,0.5079722,chunga 3728-5.JPG
/m/0h0rv,pigeons and doves,0.5016775,chunga 3728-5.JPG
/m/015p6,bird,0.9360964,chunga 3728-7.JPG
/m/035qhg,fauna,0.91998416,chunga 3728-7.JPG
/m/02mhj,ecosystem,0.91440266,chunga 3728-7.JPG
/m/0swq_,nature reserve,0.8561569,chunga 3728-7.JPG
/m/01c4kr,crane like bird,0.75579673,chunga 3728-7.JPG
/m/01c4rd,beak,0.7454206,chunga 3728-7.JPG
/m/01c43w,crane,0.68127984,chunga 3728-7.JPG
/m/012shk,seabird,0.62369025,chunga 3728-7.JPG
/m/01280g,wildlife,0.5636528,chunga 3728-7.JPG
/m/0cblv,ecoregion,0.5530874,chunga 3728-7.JPG
/m/038hg,green,0.9472429,Cwagneri 2519-22.JPG
/m/0838f,water,0.9363235,Cwagneri 2519-22.JPG
/m/0gjyk,phenomenon,0.7547649,Cwagneri 2519-22.JPG
/m/08t9c_,grass,0.7225771,Cwagneri 2519-22.JPG
/m/015s2f,water resources,0.7224215,Cwagneri 2519-22.JPG
/m/07j7r,tree,0.6975586,Cwagneri 2519-22.JPG
/m/02p0sll,wave,0.661688,Cwagneri 2519-22.JPG
/m/01bqvp,sky,0.6489128,Cwagneri 2519-22.JPG
/m/06npx,sea,0.6232511,Cwagneri 2519-22.JPG
/m/01sfb5,underwater,0.58526677,Cwagneri 2519-22.JPG
/m/01280g,wildlife,0.947179,Dazarae 3735-9.JPG
/m/035qhg,fauna,0.9400647,Dazarae 3735-9.JPG
/m/04rky,mammal,0.92442644,Dazarae 3735-9.JPG
/m/02mhj,ecosystem,0.9160918,Dazarae 3735-9.JPG
/m/0swq_,nature reserve,0.9102639,Dazarae 3735-9.JPG
/m/023bbt,wilderness,0.85387534,Dazarae 3735-9.JPG
/m/08t9c_,grass,0.70639473,Dazarae 3735-9.JPG
/m/05gz5,national park,0.6973155,Dazarae 3735-9.JPG
/m/01jb4,biome,0.68195015,Dazarae 3735-9.JPG
/m/02zr8,forest,0.63992244,Dazarae 3735-9.JPG
/m/035qhg,fauna,0.9378884,Dazarae BP-18000 3742-21.JPG
/m/01280g,wildlife,0.9216288,Dazarae BP-18000 3742-21.JPG
/m/02mhj,ecosystem,0.9152458,Dazarae BP-18000 3742-21.JPG
/m/01zh5,capybara,0.8098248,Dazarae BP-18000 3742-21.JPG
/m/0fbf1m,terrestrial animal,0.6733162,Dazarae BP-18000 3742-21.JPG
/m/0199b0,safari,0.6678371,Dazarae BP-18000 3742-21.JPG
/m/05gz5,national park,0.660027,Dazarae BP-18000 3742-21.JPG
/m/0f1pg,peccary,0.6178365,Dazarae BP-18000 3742-21.JPG
/m/02mhj,ecosystem,0.89166903,ECU-004-D0001-I000005.jpeg
/m/035qhg,fauna,0.88598216,ECU-004-D0001-I000005.jpeg
/m/0838f,water,0.76887596,ECU-004-D0001-I000005.jpeg
/m/05nnm,organism,0.73095006,ECU-004-D0001-I000005.jpeg
/m/05s2s,plant,0.61329556,ECU-004-D0001-I000005.jpeg
/m/013sbk,aquatic plant,0.6104407,ECU-004-D0001-I000005.jpeg
/m/02r7yb9,freshwater aquarium,0.583965,ECU-004-D0001-I000005.jpeg
/m/08t9c_,grass,0.55274117,ECU-004-D0001-I000005.jpeg
/m/0d8cn,rainforest,0.5084397,ECU-004-D0001-I000005.jpeg
/m/01y3fy,jungle,0.5042676,ECU-004-D0001-I000005.jpeg
/m/0fbf1m,terrestrial animal,0.9729772,ECU-004-D0001-I000006.jpeg
/m/01280g,wildlife,0.9677515,ECU-004-D0001-I000006.jpeg
/m/0449p,jaguar,0.9579499,ECU-004-D0001-I000006.jpeg
/m/035qhg,fauna,0.9366025,ECU-004-D0001-I000006.jpeg
/m/04rky,mammal,0.9268287,ECU-004-D0001-I000006.jpeg
/m/01nmp6,ocelot,0.8894084,ECU-004-D0001-I000006.jpeg
/m/0c29q,leopard,0.8816148,ECU-004-D0001-I000006.jpeg
/m/0307l,cat like mammal,0.8532429,ECU-004-D0001-I000006.jpeg
/m/05nnm,organism,0.7825812,ECU-004-D0001-I000006.jpeg
/m/0cdnk,big cats,0.76982504,ECU-004-D0001-I000006.jpeg
/m/07j7r,tree,0.9438177,GRID5-2015-07-22_13-44-07-CAM41978.jpg
/m/09t49,leaf,0.92509377,GRID5-2015-07-22_13-44-07-CAM41978.jpg
/m/0hnc1,woodland,0.9068805,GRID5-2015-07-22_13-44-07-CAM41978.jpg
/m/02hnx9,woody plant,0.9016242,GRID5-2015-07-22_13-44-07-CAM41978.jpg
/m/02mhj,ecosystem,0.89253795,GRID5-2015-07-22_13-44-07-CAM41978.jpg
/m/02zr8,forest,0.8678226,GRID5-2015-07-22_13-44-07-CAM41978.jpg
/m/05s2s,plant,0.8059427,GRID5-2015-07-22_13-44-07-CAM41978.jpg
/m/01280g,wildlife,0.7763429,GRID5-2015-07-22_13-44-07-CAM41978.jpg
/m/06z0n,sunlight,0.76263547,GRID5-2015-07-22_13-44-07-CAM41978.jpg
/m/0hlzt,deciduous,0.7537783,GRID5-2015-07-22_13-44-07-CAM41978.jpg
/m/01280g,wildlife,0.9486278,herpailurus rojo 2478-2 zona guanaco.JPG
/m/02r5q6,red fox,0.94569993,herpailurus rojo 2478-2 zona guanaco.JPG
/m/0306r,fox,0.9453954,herpailurus rojo 2478-2 zona guanaco.JPG
/m/035qhg,fauna,0.9337551,herpailurus rojo 2478-2 zona guanaco.JPG
/m/04rky,mammal,0.9264476,herpailurus rojo 2478-2 zona guanaco.JPG
/m/0fbf1m,terrestrial animal,0.8054114,herpailurus rojo 2478-2 zona guanaco.JPG
/m/02dcv,dhole,0.7725114,herpailurus rojo 2478-2 zona guanaco.JPG
/m/05nnm,organism,0.6146158,herpailurus rojo 2478-2 zona guanaco.JPG
/m/0cblv,ecoregion,0.5586302,herpailurus rojo 2478-2 zona guanaco.JPG
/m/01lrl,carnivoran,0.52538276,herpailurus rojo 2478-2 zona guanaco.JPG
/m/035qhg,fauna,0.94241387,Herpailurus yagouaroundi 2493-3.JPG
/m/02mhj,ecosystem,0.8767201,Herpailurus yagouaroundi 2493-3.JPG
/m/01280g,wildlife,0.8147987,Herpailurus yagouaroundi 2493-3.JPG
/m/08t9c_,grass,0.7175243,Herpailurus yagouaroundi 2493-3.JPG
/m/0fbf1m,terrestrial animal,0.69106627,Herpailurus yagouaroundi 2493-3.JPG
/m/05nnm,organism,0.61592567,Herpailurus yagouaroundi 2493-3.JPG
/m/06z_nw,tail,0.54016614,Herpailurus yagouaroundi 2493-3.JPG
/m/01280g,wildlife,0.9600972,IMG_0007.JPG
/m/019sc,black,0.9518933,IMG_0007.JPG
/m/01g6gs,black and white,0.9387785,IMG_0007.JPG
/m/04rky,mammal,0.92370975,IMG_0007.JPG
/m/035qhg,fauna,0.91377044,IMG_0007.JPG
/m/02mhj,ecosystem,0.8996224,IMG_0007.JPG
/m/01bqvp,sky,0.86135876,IMG_0007.JPG
/m/03d49p1,monochrome photography,0.85605466,IMG_0007.JPG
/m/05wkw,photography,0.78636014,IMG_0007.JPG
/m/01zxt7,old world monkey,0.7116748,IMG_0007.JPG
/m/01280g,wildlife,0.95207876,IMG_0008.JPG
/m/01g6gs,black and white,0.9356733,IMG_0008.JPG
/m/02mhj,ecosystem,0.9305859,IMG_0008.JPG
/m/01bqvp,sky,0.8888402,IMG_0008.JPG
/m/035qhg,fauna,0.8391614,IMG_0008.JPG
/m/03d49p1,monochrome photography,0.8391484,IMG_0008.JPG
/m/08t9c_,grass,0.807168,IMG_0008.JPG
/m/05wkw,photography,0.80254614,IMG_0008.JPG
/m/01c7d3,savanna,0.757194,IMG_0008.JPG
/m/01c7cq,grassland,0.7394256,IMG_0008.JPG
/m/01280g,wildlife,0.96513,IMG_0009.JPG
/m/01g6gs,black and white,0.9377342,IMG_0009.JPG
/m/02mhj,ecosystem,0.915725,IMG_0009.JPG
/m/035qhg,fauna,0.9104163,IMG_0009.JPG
/m/01bqvp,sky,0.85591614,IMG_0009.JPG
/m/03d49p1,monochrome photography,0.846496,IMG_0009.JPG
/m/05wkw,photography,0.78907686,IMG_0009.JPG
/m/08t9c_,grass,0.7486882,IMG_0009.JPG
/m/01c7d3,savanna,0.6985732,IMG_0009.JPG
/m/01mwkf,monochrome,0.69548315,IMG_0009.JPG
/m/01280g,wildlife,0.9793622,IMG_0017.JPG
/m/019sc,black,0.96104705,IMG_0017.JPG
/m/01g6gs,black and white,0.9523034,IMG_0017.JPG
/m/04rky,mammal,0.9266023,IMG_0017.JPG
/m/03d49p1,monochrome photography,0.9019715,IMG_0017.JPG
/m/035qhg,fauna,0.888272,IMG_0017.JPG
/m/02mhj,ecosystem,0.88761383,IMG_0017.JPG
/m/0fbf1m,terrestrial animal,0.8215886,IMG_0017.JPG
/m/01kyr8,darkness,0.8020973,IMG_0017.JPG
/m/01mwkf,monochrome,0.78503907,IMG_0017.JPG
/m/01280g,wildlife,0.97608054,IMG_0018.JPG
/m/019sc,black,0.96084356,IMG_0018.JPG
/m/01g6gs,black and white,0.95097315,IMG_0018.JPG
/m/04rky,mammal,0.92637295,IMG_0018.JPG
/m/02mhj,ecosystem,0.89664817,IMG_0018.JPG
/m/03d49p1,monochrome photography,0.8886447,IMG_0018.JPG
/m/035qhg,fauna,0.88136584,IMG_0018.JPG
/m/01kyr8,darkness,0.78951883,IMG_0018.JPG
/m/0898b,zebra,0.78687304,IMG_0018.JPG
/m/01mwkf,monochrome,0.78317213,IMG_0018.JPG
/m/01280g,wildlife,0.9790989,IMG_0019.JPG
/m/0898b,zebra,0.9600604,IMG_0019.JPG
/m/01g6gs,black and white,0.9510088,IMG_0019.JPG
/m/019sc,black,0.9502712,IMG_0019.JPG
/m/01c7cq,grassland,0.94243896,IMG_0019.JPG
/m/04rky,mammal,0.9240787,IMG_0019.JPG
/m/035qhg,fauna,0.8930205,IMG_0019.JPG
/m/03d49p1,monochrome photography,0.8825579,IMG_0019.JPG
/m/08t9c_,grass,0.8278585,IMG_0019.JPG
/m/05wkw,photography,0.79701686,IMG_0019.JPG
/m/01280g,wildlife,0.98121583,IMG_0020.JPG
/m/0898b,zebra,0.95633966,IMG_0020.JPG
/m/01g6gs,black and white,0.9516547,IMG_0020.JPG
/m/019sc,black,0.9496042,IMG_0020.JPG
/m/01c7cq,grassland,0.9407292,IMG_0020.JPG
/m/04rky,mammal,0.9241708,IMG_0020.JPG
/m/035qhg,fauna,0.9089672,IMG_0020.JPG
/m/03d49p1,monochrome photography,0.89283514,IMG_0020.JPG
/m/02mhj,ecosystem,0.88436604,IMG_0020.JPG
/m/05wkw,photography,0.803683,IMG_0020.JPG
/m/01280g,wildlife,0.98267,IMG_0021.JPG
/m/01c7cq,grassland,0.96118426,IMG_0021.JPG
/m/01g6gs,black and white,0.95146,IMG_0021.JPG
/m/019sc,black,0.9493313,IMG_0021.JPG
/m/0898b,zebra,0.9432931,IMG_0021.JPG
/m/04rky,mammal,0.92363274,IMG_0021.JPG
/m/02mhj,ecosystem,0.91829646,IMG_0021.JPG
/m/03d49p1,monochrome photography,0.8919422,IMG_0021.JPG
/m/035qhg,fauna,0.8877108,IMG_0021.JPG
/m/08t9c_,grass,0.8226208,IMG_0021.JPG
/m/01280g,wildlife,0.9528375,IMG_0022.JPG
/m/01c7cq,grassland,0.951625,IMG_0022.JPG
/m/019sc,black,0.9514173,IMG_0022.JPG
/m/01g6gs,black and white,0.947573,IMG_0022.JPG
/m/02mhj,ecosystem,0.9407944,IMG_0022.JPG
/m/03d49p1,monochrome photography,0.876147,IMG_0022.JPG
/m/08t9c_,grass,0.83378017,IMG_0022.JPG
/m/035qhg,fauna,0.8171099,IMG_0022.JPG
/m/0898b,zebra,0.81331336,IMG_0022.JPG
/m/05wkw,photography,0.81105065,IMG_0022.JPG
/m/01280g,wildlife,0.9750646,IMG_0023.JPG
/m/01c7cq,grassland,0.96577036,IMG_0023.JPG
/m/01g6gs,black and white,0.9478452,IMG_0023.JPG
/m/02mhj,ecosystem,0.92579275,IMG_0023.JPG
/m/04rky,mammal,0.9230482,IMG_0023.JPG
/m/03d49p1,monochrome photography,0.87806344,IMG_0023.JPG
/m/035qhg,fauna,0.87589294,IMG_0023.JPG
/m/08t9c_,grass,0.8316554,IMG_0023.JPG
/m/05wkw,photography,0.81224394,IMG_0023.JPG
/m/01c7d3,savanna,0.80534273,IMG_0023.JPG
/m/01g6gs,black and white,0.9441628,IMG_0024.JPG
/m/03d49p1,monochrome photography,0.889435,IMG_0024.JPG
/m/0jzz1,cattle like mammal,0.8523371,IMG_0024.JPG
/m/01280g,wildlife,0.8175755,IMG_0024.JPG
/m/035qhg,fauna,0.79968774,IMG_0024.JPG
/m/0gjyk,phenomenon,0.7547649,IMG_0024.JPG
/m/01mwkf,monochrome,0.7408954,IMG_0024.JPG
/m/05mqq3,snout,0.6316141,IMG_0024.JPG
/m/01bqvp,sky,0.5901985,IMG_0024.JPG
/m/07j7r,tree,0.5551248,IMG_0024.JPG
/m/01c7cq,grassland,0.9646841,IMG_0025.JPG
/m/01280g,wildlife,0.95733815,IMG_0025.JPG
/m/019sc,black,0.95080096,IMG_0025.JPG
/m/01g6gs,black and white,0.9472283,IMG_0025.JPG
/m/0898b,zebra,0.93969166,IMG_0025.JPG
/m/02mhj,ecosystem,0.9263022,IMG_0025.JPG
/m/03d49p1,monochrome photography,0.8784746,IMG_0025.JPG
/m/08t9c_,grass,0.843925,IMG_0025.JPG
/m/01c7d3,savanna,0.8192793,IMG_0025.JPG
/m/01bqvp,sky,0.80329186,IMG_0025.JPG
/m/01280g,wildlife,0.9662245,IMG_0026.JPG
/m/01c7cq,grassland,0.95415455,IMG_0026.JPG
/m/019sc,black,0.95306337,IMG_0026.JPG
/m/01g6gs,black and white,0.94892454,IMG_0026.JPG
/m/04rky,mammal,0.92405623,IMG_0026.JPG
/m/02mhj,ecosystem,0.9087793,IMG_0026.JPG
/m/0898b,zebra,0.89800113,IMG_0026.JPG
/m/03d49p1,monochrome photography,0.8883322,IMG_0026.JPG
/m/01c7d3,savanna,0.82975423,IMG_0026.JPG
/m/08t9c_,grass,0.82921535,IMG_0026.JPG
/m/01280g,wildlife,0.97938126,IMG_0027.JPG
/m/0898b,zebra,0.9565603,IMG_0027.JPG
/m/01g6gs,black and white,0.94998723,IMG_0027.JPG
/m/01c7cq,grassland,0.9465217,IMG_0027.JPG
/m/04rky,mammal,0.9239226,IMG_0027.JPG
/m/03d49p1,monochrome photography,0.88890743,IMG_0027.JPG
/m/02mhj,ecosystem,0.8854862,IMG_0027.JPG
/m/035qhg,fauna,0.871,IMG_0027.JPG
/m/01c7d3,savanna,0.81273216,IMG_0027.JPG
/m/08t9c_,grass,0.7538623,IMG_0027.JPG
/m/01280g,wildlife,0.9830394,IMG_0028.JPG
/m/0898b,zebra,0.98108274,IMG_0028.JPG
/m/0fbf1m,terrestrial animal,0.9550007,IMG_0028.JPG
/m/01g6gs,black and white,0.953363,IMG_0028.JPG
/m/019sc,black,0.9513965,IMG_0028.JPG
/m/035qhg,fauna,0.934868,IMG_0028.JPG
/m/04rky,mammal,0.926668,IMG_0028.JPG
/m/03d49p1,monochrome photography,0.8994101,IMG_0028.JPG
/m/02s3y,horse like mammal,0.84126186,IMG_0028.JPG
/m/01mwkf,monochrome,0.7669115,IMG_0028.JPG
/m/0898b,zebra,0.98279697,IMG_0091.JPG
/m/01280g,wildlife,0.9826112,IMG_0091.JPG
/m/01g6gs,black and white,0.9552976,IMG_0091.JPG
/m/035qhg,fauna,0.9292166,IMG_0091.JPG
/m/04rky,mammal,0.9258342,IMG_0091.JPG
/m/03d49p1,monochrome photography,0.9130449,IMG_0091.JPG
/m/0fbf1m,terrestrial animal,0.8973062,IMG_0091.JPG
/m/02s3y,horse like mammal,0.87139875,IMG_0091.JPG
/m/01mwkf,monochrome,0.7716538,IMG_0091.JPG
/m/0fy9p2,mane,0.725377,IMG_0091.JPG
/m/0898b,zebra,0.9699394,IMG_0092.JPG
/m/083jv,white,0.96084225,IMG_0092.JPG
/m/019sc,black,0.9598845,IMG_0092.JPG
/m/01g6gs,black and white,0.95518386,IMG_0092.JPG
/m/01280g,wildlife,0.94483405,IMG_0092.JPG
/m/04rky,mammal,0.9263791,IMG_0092.JPG
/m/03d49p1,monochrome photography,0.9189072,IMG_0092.JPG
/m/05wkw,photography,0.83084095,IMG_0092.JPG
/m/01mwkf,monochrome,0.78493917,IMG_0092.JPG
/m/02s3y,horse like mammal,0.70005286,IMG_0092.JPG
/m/083jv,white,0.9607107,IMG_0093.JPG
/m/019sc,black,0.958875,IMG_0093.JPG
/m/01g6gs,black and white,0.95312715,IMG_0093.JPG
/m/068jd,photograph,0.95020014,IMG_0093.JPG
/m/01280g,wildlife,0.9333864,IMG_0093.JPG
/m/04rky,mammal,0.92606395,IMG_0093.JPG
/m/03d49p1,monochrome photography,0.9152003,IMG_0093.JPG
/m/02mhj,ecosystem,0.9065703,IMG_0093.JPG
/m/0898b,zebra,0.88595635,IMG_0093.JPG
/m/05wkw,photography,0.85613185,IMG_0093.JPG
/m/083jv,white,0.96407557,IMG_0094.JPG
/m/019sc,black,0.9612716,IMG_0094.JPG
/m/01g6gs,black and white,0.95497876,IMG_0094.JPG
/m/0898b,zebra,0.9323375,IMG_0094.JPG
/m/04rky,mammal,0.9269805,IMG_0094.JPG
/m/03d49p1,monochrome photography,0.919275,IMG_0094.JPG
/m/035qhg,fauna,0.9059494,IMG_0094.JPG
/m/01280g,wildlife,0.90038353,IMG_0094.JPG
/m/02s3y,horse like mammal,0.8838493,IMG_0094.JPG
/m/04hgtk,head,0.8603506,IMG_0094.JPG
/m/083jv,white,0.9630147,IMG_0095.JPG
/m/019sc,black,0.9617918,IMG_0095.JPG
/m/01g6gs,black and white,0.95499486,IMG_0095.JPG
/m/04rky,mammal,0.9270029,IMG_0095.JPG
/m/035qhg,fauna,0.9162718,IMG_0095.JPG
/m/03d49p1,monochrome photography,0.9149839,IMG_0095.JPG
/m/01280g,wildlife,0.9146595,IMG_0095.JPG
/m/04hgtk,head,0.8594266,IMG_0095.JPG
/m/0898b,zebra,0.84837204,IMG_0095.JPG
/m/05wkw,photography,0.8124334,IMG_0095.JPG
/m/083jv,white,0.961963,IMG_0096.JPG
/m/019sc,black,0.9613505,IMG_0096.JPG
/m/01g6gs,black and white,0.9538412,IMG_0096.JPG
/m/04rky,mammal,0.92691094,IMG_0096.JPG
/m/03d49p1,monochrome photography,0.9096208,IMG_0096.JPG
/m/01280g,wildlife,0.8849411,IMG_0096.JPG
/m/035qhg,fauna,0.8622203,IMG_0096.JPG
/m/05wkw,photography,0.8224098,IMG_0096.JPG
/m/0898b,zebra,0.8146042,IMG_0096.JPG
/m/01mwkf,monochrome,0.7919718,IMG_0096.JPG
/m/083jv,white,0.9604102,IMG_0097.JPG
/m/019sc,black,0.95963454,IMG_0097.JPG
/m/01g6gs,black and white,0.94869417,IMG_0097.JPG
/m/04rky,mammal,0.9266324,IMG_0097.JPG
/m/01280g,wildlife,0.8740391,IMG_0097.JPG
/m/0898b,zebra,0.86424,IMG_0097.JPG
/m/02s3y,horse like mammal,0.85007495,IMG_0097.JPG
/m/03d49p1,monochrome photography,0.84137326,IMG_0097.JPG
/m/035qhg,fauna,0.8242251,IMG_0097.JPG
/m/05wkw,photography,0.8067989,IMG_0097.JPG
/m/019sc,black,0.9606266,IMG_0098.JPG
/m/01g6gs,black and white,0.95028085,IMG_0098.JPG
/m/068jd,photograph,0.94986886,IMG_0098.JPG
/m/03d49p1,monochrome photography,0.8982105,IMG_0098.JPG
/m/05wkw,photography,0.83647645,IMG_0098.JPG
/m/01kyr8,darkness,0.8311681,IMG_0098.JPG
/m/04k84,light,0.8210995,IMG_0098.JPG
/m/01mwkf,monochrome,0.7760959,IMG_0098.JPG
/m/0gjyk,phenomenon,0.7547649,IMG_0098.JPG
/m/03w43x,computer wallpaper,0.65644914,IMG_0098.JPG
/m/083jv,white,0.9623648,IMG_0100.JPG
/m/019sc,black,0.96155816,IMG_0100.JPG
/m/01g6gs,black and white,0.9560624,IMG_0100.JPG
/m/035qhg,fauna,0.9334263,IMG_0100.JPG
/m/03d49p1,monochrome photography,0.9312356,IMG_0100.JPG
/m/0898b,zebra,0.9295957,IMG_0100.JPG
/m/04rky,mammal,0.92682934,IMG_0100.JPG
/m/01280g,wildlife,0.9154417,IMG_0100.JPG
/m/04hgtk,head,0.85867137,IMG_0100.JPG
/m/02s3y,horse like mammal,0.84890693,IMG_0100.JPG
/m/019sc,black,0.9609713,IMG_0101.JPG
/m/083jv,white,0.9584113,IMG_0101.JPG
/m/01g6gs,black and white,0.9545269,IMG_0101.JPG
/m/04rky,mammal,0.9261817,IMG_0101.JPG
/m/03d49p1,monochrome photography,0.92065996,IMG_0101.JPG
/m/02cqfm,close up,0.8461393,IMG_0101.JPG
/m/05wkw,photography,0.8340947,IMG_0101.JPG
/m/01mwkf,monochrome,0.79216117,IMG_0101.JPG
/m/05nnm,organism,0.762297,IMG_0101.JPG
/m/01kyr8,darkness,0.61693096,IMG_0101.JPG
/m/019sc,black,0.9592134,IMG_0102.JPG
/m/01g6gs,black and white,0.9541788,IMG_0102.JPG
/m/04rky,mammal,0.9265246,IMG_0102.JPG
/m/03d49p1,monochrome photography,0.92232996,IMG_0102.JPG
/m/035qhg,fauna,0.89756614,IMG_0102.JPG
/m/02cqfm,close up,0.832522,IMG_0102.JPG
/m/05nnm,organism,0.81467324,IMG_0102.JPG
/m/05wkw,photography,0.793283,IMG_0102.JPG
/m/01mwkf,monochrome,0.78699726,IMG_0102.JPG
/m/01280g,wildlife,0.74200267,IMG_0102.JPG
/m/083jv,white,0.96115357,IMG_0125.JPG
/m/019sc,black,0.96036184,IMG_0125.JPG
/m/01280g,wildlife,0.9587701,IMG_0125.JPG
/m/01g6gs,black and white,0.9549028,IMG_0125.JPG
/m/04rky,mammal,0.92616916,IMG_0125.JPG
/m/03d49p1,monochrome photography,0.92059577,IMG_0125.JPG
/m/02mhj,ecosystem,0.89436376,IMG_0125.JPG
/m/035qhg,fauna,0.87886494,IMG_0125.JPG
/m/0898b,zebra,0.8767504,IMG_0125.JPG
/m/05wkw,photography,0.8385744,IMG_0125.JPG
/m/01280g,wildlife,0.97143734,IMG_0214.JPG
/m/01g6gs,black and white,0.9484255,IMG_0214.JPG
/m/035qhg,fauna,0.9201641,IMG_0214.JPG
/m/04lmyz,horn,0.9109446,IMG_0214.JPG
/m/03d49p1,monochrome photography,0.8909768,IMG_0214.JPG
/m/01bqvp,sky,0.80862653,IMG_0214.JPG
/m/05wkw,photography,0.7937695,IMG_0214.JPG
/m/01mwkf,monochrome,0.7556526,IMG_0214.JPG
/m/04cmwn,goats,0.725271,IMG_0214.JPG
/m/05mqq3,snout,0.68063253,IMG_0214.JPG
/m/07kbbhf,elephants and mammoths,0.9861459,IMG_0292.JPG
/m/0bwd_0j,elephant,0.9837167,IMG_0292.JPG
/m/01280g,wildlife,0.96825224,IMG_0292.JPG
/m/01g6gs,black and white,0.94164413,IMG_0292.JPG
/m/0dflpy,indian elephant,0.9261577,IMG_0292.JPG
/m/04_r5c,african elephant,0.8781769,IMG_0292.JPG
/m/01bqvp,sky,0.86751723,IMG_0292.JPG
/m/03d49p1,monochrome photography,0.86696386,IMG_0292.JPG
/m/01n_j_,tusk,0.8617498,IMG_0292.JPG
/m/05wkw,photography,0.8279789,IMG_0292.JPG
/m/07kbbhf,elephants and mammoths,0.9854447,IMG_0293.JPG
/m/0bwd_0j,elephant,0.97973096,IMG_0293.JPG
/m/01280g,wildlife,0.9607583,IMG_0293.JPG
/m/01g6gs,black and white,0.9432322,IMG_0293.JPG
/m/0dflpy,indian elephant,0.92898893,IMG_0293.JPG
/m/03d49p1,monochrome photography,0.87633514,IMG_0293.JPG
/m/04_r5c,african elephant,0.8659635,IMG_0293.JPG
/m/01n_j_,tusk,0.86065704,IMG_0293.JPG
/m/05wkw,photography,0.83164155,IMG_0293.JPG
/m/01bqvp,sky,0.8270002,IMG_0293.JPG
/m/07kbbhf,elephants and mammoths,0.9861648,IMG_0294.JPG
/m/0bwd_0j,elephant,0.9824225,IMG_0294.JPG
/m/01280g,wildlife,0.9653629,IMG_0294.JPG
/m/019sc,black,0.94979066,IMG_0294.JPG
/m/01g6gs,black and white,0.9456016,IMG_0294.JPG
/m/0dflpy,indian elephant,0.92871547,IMG_0294.JPG
/m/03d49p1,monochrome photography,0.88467044,IMG_0294.JPG
/m/04_r5c,african elephant,0.88250005,IMG_0294.JPG
/m/01n_j_,tusk,0.8450735,IMG_0294.JPG
/m/05wkw,photography,0.8399483,IMG_0294.JPG
/m/01bqvp,sky,0.9620322,IMG_0302.JPG
/m/01g6gs,black and white,0.9416918,IMG_0302.JPG
/m/03d49p1,monochrome photography,0.87542397,IMG_0302.JPG
/m/0csby,cloud,0.8334533,IMG_0302.JPG
/m/05wkw,photography,0.83187544,IMG_0302.JPG
/m/01ctry,atmosphere of earth,0.79858005,IMG_0302.JPG
/m/01ctsf,atmosphere,0.79475105,IMG_0302.JPG
/m/07j7r,tree,0.75749975,IMG_0302.JPG
/m/0gjyk,phenomenon,0.7547649,IMG_0302.JPG
/m/01mwkf,monochrome,0.7457827,IMG_0302.JPG
/m/01bqvp,sky,0.9682401,IMG_0303.JPG
/m/01g6gs,black and white,0.93803895,IMG_0303.JPG
/m/03d49p1,monochrome photography,0.8755673,IMG_0303.JPG
/m/0csby,cloud,0.8642797,IMG_0303.JPG
/m/05wkw,photography,0.83418137,IMG_0303.JPG
/m/01ctsf,atmosphere,0.7880497,IMG_0303.JPG
/m/01ctry,atmosphere of earth,0.7876049,IMG_0303.JPG
/m/0gjyk,phenomenon,0.7547649,IMG_0303.JPG
/m/01mwkf,monochrome,0.7456337,IMG_0303.JPG
/m/07j7r,tree,0.720577,IMG_0303.JPG
/m/019sc,black,0.9572143,KEN-001-D0001-I000006.jpeg
/m/01bqvp,sky,0.9506109,KEN-001-D0001-I000006.jpeg
/m/01g6gs,black and white,0.94684845,KEN-001-D0001-I000006.jpeg
/m/05h0n,nature,0.9408124,KEN-001-D0001-I000006.jpeg
/m/03d49p1,monochrome photography,0.9035588,KEN-001-D0001-I000006.jpeg
/m/05wkw,photography,0.8085156,KEN-001-D0001-I000006.jpeg
/m/07j7r,tree,0.7813074,KEN-001-D0001-I000006.jpeg
/m/01mwkf,monochrome,0.7610045,KEN-001-D0001-I000006.jpeg
/m/0gjyk,phenomenon,0.7547649,KEN-001-D0001-I000006.jpeg
/m/08t9c_,grass,0.75433457,KEN-001-D0001-I000006.jpeg
/m/01bqvp,sky,0.9626366,KEN-001-D0001-I000007.jpeg
/m/019sc,black,0.9548831,KEN-001-D0001-I000007.jpeg
/m/05h0n,nature,0.94158137,KEN-001-D0001-I000007.jpeg
/m/01g6gs,black and white,0.93564045,KEN-001-D0001-I000007.jpeg
/m/02mhj,ecosystem,0.9005289,KEN-001-D0001-I000007.jpeg
/m/03d49p1,monochrome photography,0.8723492,KEN-001-D0001-I000007.jpeg
/m/08t9c_,grass,0.8497991,KEN-001-D0001-I000007.jpeg
/m/05wkw,photography,0.8435072,KEN-001-D0001-I000007.jpeg
/m/07j7r,tree,0.8361854,KEN-001-D0001-I000007.jpeg
/m/0csby,cloud,0.8145313,KEN-001-D0001-I000007.jpeg
/m/01280g,wildlife,0.97058356,KEN-007-D0001-I000001.jpeg
/m/01g6gs,black and white,0.9465703,KEN-007-D0001-I000001.jpeg
/m/035qhg,fauna,0.93574154,KEN-007-D0001-I000001.jpeg
/m/03d49p1,monochrome photography,0.88571656,KEN-007-D0001-I000001.jpeg
/m/05wkw,photography,0.7991173,KEN-007-D0001-I000001.jpeg
/m/01mwkf,monochrome,0.75270903,KEN-007-D0001-I000001.jpeg
/m/01bqvp,sky,0.708012,KEN-007-D0001-I000001.jpeg
/m/08t9c_,grass,0.70718175,KEN-007-D0001-I000001.jpeg
/m/01r9wv,impala,0.6928894,KEN-007-D0001-I000001.jpeg
/m/07j7r,tree,0.68655795,KEN-007-D0001-I000001.jpeg
/m/01280g,wildlife,0.9811449,KEN-007-D0001-I000002.jpeg
/m/01g6gs,black and white,0.94335985,KEN-007-D0001-I000002.jpeg
/m/035qhg,fauna,0.9394534,KEN-007-D0001-I000002.jpeg
/m/02mhj,ecosystem,0.9304156,KEN-007-D0001-I000002.jpeg
/m/04rky,mammal,0.9242076,KEN-007-D0001-I000002.jpeg
/m/03d49p1,monochrome photography,0.8623097,KEN-007-D0001-I000002.jpeg
/m/05wkw,photography,0.7938379,KEN-007-D0001-I000002.jpeg
/m/08t9c_,grass,0.73357034,KEN-007-D0001-I000002.jpeg
/m/01mwkf,monochrome,0.73092717,KEN-007-D0001-I000002.jpeg
/m/01bqvp,sky,0.71945554,KEN-007-D0001-I000002.jpeg
/m/01280g,wildlife,0.9810186,KEN-007-D0001-I000003.jpeg
/m/01g6gs,black and white,0.94712704,KEN-007-D0001-I000003.jpeg
/m/02mhj,ecosystem,0.942374,KEN-007-D0001-I000003.jpeg
/m/04rky,mammal,0.9231507,KEN-007-D0001-I000003.jpeg
/m/035qhg,fauna,0.9220717,KEN-007-D0001-I000003.jpeg
/m/03d49p1,monochrome photography,0.8900406,KEN-007-D0001-I000003.jpeg
/m/05wkw,photography,0.8030034,KEN-007-D0001-I000003.jpeg
/m/01bqvp,sky,0.79630166,KEN-007-D0001-I000003.jpeg
/m/08t9c_,grass,0.77993894,KEN-007-D0001-I000003.jpeg
/m/01c7d3,savanna,0.76905173,KEN-007-D0001-I000003.jpeg
/m/019sc,black,0.9502269,KEN-007-D0001-I000004.jpeg
/m/01g6gs,black and white,0.94759387,KEN-007-D0001-I000004.jpeg
/m/05h0n,nature,0.9429285,KEN-007-D0001-I000004.jpeg
/m/02mhj,ecosystem,0.9256958,KEN-007-D0001-I000004.jpeg
/m/01bqvp,sky,0.9227886,KEN-007-D0001-I000004.jpeg
/m/03d49p1,monochrome photography,0.90653914,KEN-007-D0001-I000004.jpeg
/m/01fnns,vegetation,0.88986766,KEN-007-D0001-I000004.jpeg
/m/07j7r,tree,0.8841164,KEN-007-D0001-I000004.jpeg
/m/08t9c_,grass,0.8509549,KEN-007-D0001-I000004.jpeg
/m/05wkw,photography,0.8445125,KEN-007-D0001-I000004.jpeg
/m/01g6gs,black and white,0.947568,KEN-007-D0001-I000005.jpeg
/m/02mhj,ecosystem,0.92908365,KEN-007-D0001-I000005.jpeg
/m/03d49p1,monochrome photography,0.90387523,KEN-007-D0001-I000005.jpeg
/m/01bqvp,sky,0.8970694,KEN-007-D0001-I000005.jpeg
/m/01fnns,vegetation,0.87268585,KEN-007-D0001-I000005.jpeg
/m/07j7r,tree,0.85878736,KEN-007-D0001-I000005.jpeg
/m/08t9c_,grass,0.8479776,KEN-007-D0001-I000005.jpeg
/m/05wkw,photography,0.84076554,KEN-007-D0001-I000005.jpeg
/m/01280g,wildlife,0.76011425,KEN-007-D0001-I000005.jpeg
/m/01mwkf,monochrome,0.7541715,KEN-007-D0001-I000005.jpeg
/m/05h0n,nature,0.9458181,KEN-007-D0001-I000006.jpeg
/m/01g6gs,black and white,0.9445591,KEN-007-D0001-I000006.jpeg
/m/02mhj,ecosystem,0.9236411,KEN-007-D0001-I000006.jpeg
/m/03d49p1,monochrome photography,0.8878886,KEN-007-D0001-I000006.jpeg
/m/07j7r,tree,0.8816127,KEN-007-D0001-I000006.jpeg
/m/01bqvp,sky,0.8796425,KEN-007-D0001-I000006.jpeg
/m/08t9c_,grass,0.8536407,KEN-007-D0001-I000006.jpeg
/m/05wkw,photography,0.8470955,KEN-007-D0001-I000006.jpeg
/m/01280g,wildlife,0.8453757,KEN-007-D0001-I000006.jpeg
/m/025s3q0,landscape,0.7411953,KEN-007-D0001-I000006.jpeg
/m/01280g,wildlife,0.9756524,KEN-007-D0001-I000007.jpeg
/m/01g6gs,black and white,0.9485934,KEN-007-D0001-I000007.jpeg
/m/05h0n,nature,0.9406884,KEN-007-D0001-I000007.jpeg
/m/04rky,mammal,0.9254178,KEN-007-D0001-I000007.jpeg
/m/03d49p1,monochrome photography,0.8988394,KEN-007-D0001-I000007.jpeg
/m/035qhg,fauna,0.88059914,KEN-007-D0001-I000007.jpeg
/m/07j7r,tree,0.8676154,KEN-007-D0001-I000007.jpeg
/m/01bqvp,sky,0.8556702,KEN-007-D0001-I000007.jpeg
/m/023bbt,wilderness,0.8531148,KEN-007-D0001-I000007.jpeg
/m/05wkw,photography,0.84931546,KEN-007-D0001-I000007.jpeg
/m/01280g,wildlife,0.9720473,KEN-007-D0001-I000008.jpeg
/m/01g6gs,black and white,0.9467344,KEN-007-D0001-I000008.jpeg
/m/04rky,mammal,0.9246326,KEN-007-D0001-I000008.jpeg
/m/03d49p1,monochrome photography,0.8918662,KEN-007-D0001-I000008.jpeg
/m/035qhg,fauna,0.8802522,KEN-007-D0001-I000008.jpeg
/m/07j7r,tree,0.8730183,KEN-007-D0001-I000008.jpeg
/m/023bbt,wilderness,0.8574326,KEN-007-D0001-I000008.jpeg
/m/01bqvp,sky,0.8466602,KEN-007-D0001-I000008.jpeg
/m/05wkw,photography,0.83959115,KEN-007-D0001-I000008.jpeg
/m/08t9c_,grass,0.7533675,KEN-007-D0001-I000008.jpeg
/m/01280g,wildlife,0.9766109,KEN-007-D0001-I000009.jpeg
/m/01g6gs,black and white,0.94704485,KEN-007-D0001-I000009.jpeg
/m/04rky,mammal,0.92437124,KEN-007-D0001-I000009.jpeg
/m/035qhg,fauna,0.9108907,KEN-007-D0001-I000009.jpeg
/m/03d49p1,monochrome photography,0.8914799,KEN-007-D0001-I000009.jpeg
/m/023bbt,wilderness,0.85784197,KEN-007-D0001-I000009.jpeg
/m/05wkw,photography,0.8400029,KEN-007-D0001-I000009.jpeg
/m/07j7r,tree,0.8382283,KEN-007-D0001-I000009.jpeg
/m/01bqvp,sky,0.8372212,KEN-007-D0001-I000009.jpeg
/m/08t9c_,grass,0.7501098,KEN-007-D0001-I000009.jpeg
/m/01280g,wildlife,0.9735966,KEN-007-D0001-I000010.jpeg
/m/01g6gs,black and white,0.9507713,KEN-007-D0001-I000010.jpeg
/m/04rky,mammal,0.92412126,KEN-007-D0001-I000010.jpeg
/m/03d49p1,monochrome photography,0.91434497,KEN-007-D0001-I000010.jpeg
/m/035qhg,fauna,0.89346325,KEN-007-D0001-I000010.jpeg
/m/02mhj,ecosystem,0.88213784,KEN-007-D0001-I000010.jpeg
/m/05wkw,photography,0.85086745,KEN-007-D0001-I000010.jpeg
/m/01bqvp,sky,0.8366303,KEN-007-D0001-I000010.jpeg
/m/07j7r,tree,0.78283244,KEN-007-D0001-I000010.jpeg
/m/01mwkf,monochrome,0.75511956,KEN-007-D0001-I000010.jpeg
/m/04lmyz,horn,0.9230648,KEN-007-D0009-I076493.jpeg
/m/035qhg,fauna,0.92038053,KEN-007-D0009-I076493.jpeg
/m/01g6gs,black and white,0.9147177,KEN-007-D0009-I076493.jpeg
/m/01280g,wildlife,0.9045709,KEN-007-D0009-I076493.jpeg
/m/01r9wv,impala,0.8567485,KEN-007-D0009-I076493.jpeg
/m/0czz2,antelope,0.7744432,KEN-007-D0009-I076493.jpeg
/m/01kyr8,darkness,0.70373374,KEN-007-D0009-I076493.jpeg
/m/05nnm,organism,0.69513506,KEN-007-D0009-I076493.jpeg
/m/0fsjh,antler,0.6555409,KEN-007-D0009-I076493.jpeg
/m/01mwkf,monochrome,0.62193537,KEN-007-D0009-I076493.jpeg
/m/01g6gs,black and white,0.93420553,KEN-007-D0009-I076494.jpeg
/m/035qhg,fauna,0.9290721,KEN-007-D0009-I076494.jpeg
/m/01280g,wildlife,0.913451,KEN-007-D0009-I076494.jpeg
/m/04lmyz,horn,0.9094107,KEN-007-D0009-I076494.jpeg
/m/01r9wv,impala,0.84768355,KEN-007-D0009-I076494.jpeg
/m/0czz2,antelope,0.75980216,KEN-007-D0009-I076494.jpeg
/m/0fsjh,antler,0.7550677,KEN-007-D0009-I076494.jpeg
/m/03d49p1,monochrome photography,0.74816865,KEN-007-D0009-I076494.jpeg
/m/05nnm,organism,0.7298726,KEN-007-D0009-I076494.jpeg
/m/01mwkf,monochrome,0.6931078,KEN-007-D0009-I076494.jpeg
/m/035qhg,fauna,0.9323423,Lagostomus maximus 3733-16.JPG
/m/04rky,mammal,0.9229716,Lagostomus maximus 3733-16.JPG
/m/01280g,wildlife,0.7293698,Lagostomus maximus 3733-16.JPG
/m/06hps,rodent,0.628278,Lagostomus maximus 3733-16.JPG
/m/01c53d,gerbil,0.57080114,Lagostomus maximus 3733-16.JPG
/m/01c53w,chinchilla,0.54450023,Lagostomus maximus 3733-16.JPG
/m/06lk1,rat,0.5228158,Lagostomus maximus 3733-16.JPG
/m/035qhg,fauna,0.9367997,Lagostomus maximus 3733-17.JPG
/m/04rky,mammal,0.92549855,Lagostomus maximus 3733-17.JPG
/m/01c53w,chinchilla,0.7605632,Lagostomus maximus 3733-17.JPG
/m/06hps,rodent,0.72147447,Lagostomus maximus 3733-17.JPG
/m/0fbf1m,terrestrial animal,0.6787233,Lagostomus maximus 3733-17.JPG
/m/01c53d,gerbil,0.6224225,Lagostomus maximus 3733-17.JPG
/m/052bc,marsupial,0.5840773,Lagostomus maximus 3733-17.JPG
/m/06lk1,rat,0.5819045,Lagostomus maximus 3733-17.JPG
/m/01280g,wildlife,0.5807592,Lagostomus maximus 3733-17.JPG
/m/028lhq,dormouse,0.56538206,Lagostomus maximus 3733-17.JPG
/m/035qhg,fauna,0.90839106,Lagostomus maximus 3733-21.JPG
/m/035qhg,fauna,0.93688095,Lagostomus maximus 3733-28.JPG
/m/06z_nw,tail,0.69788736,Lagostomus maximus 3733-28.JPG
/m/052bc,marsupial,0.63185084,Lagostomus maximus 3733-28.JPG
/m/01280g,wildlife,0.5982911,Lagostomus maximus 3733-28.JPG
/m/035qhg,fauna,0.9387724,Lagostomus maximus K viscachal 16-05 3733-15.JPG
/m/01280g,wildlife,0.7964777,Lagostomus maximus K viscachal 16-05 3733-15.JPG
/m/0cx37,hare,0.67937255,Lagostomus maximus K viscachal 16-05 3733-15.JPG
/m/019dxh,rabits and hares,0.58252823,Lagostomus maximus K viscachal 16-05 3733-15.JPG
/m/06mf6,rabbit,0.57165825,Lagostomus maximus K viscachal 16-05 3733-15.JPG
/m/052bc,marsupial,0.569808,Lagostomus maximus K viscachal 16-05 3733-15.JPG
/m/06z_nw,tail,0.5235435,Lagostomus maximus K viscachal 16-05 3733-15.JPG
/m/06bs13,domestic rabbit,0.5076722,Lagostomus maximus K viscachal 16-05 3733-15.JPG
/m/0mb5g,wallaby,0.5068477,Lagostomus maximus K viscachal 16-05 3733-15.JPG
/m/035qhg,fauna,0.9351957,Lagostomus maximus K vizcachal 21-05-05 3423-16.JPG
/m/01280g,wildlife,0.75590473,Lagostomus maximus K vizcachal 21-05-05 3423-16.JPG
/m/07k6w8,small to medium sized cats,0.7149836,Lagostomus maximus K vizcachal 21-05-05 3423-16.JPG
/m/01yrx,cat,0.6603042,Lagostomus maximus K vizcachal 21-05-05 3423-16.JPG
/m/01y_7,coyote,0.5701842,Lagostomus maximus K vizcachal 21-05-05 3423-16.JPG
/m/0307l,cat like mammal,0.55145794,Lagostomus maximus K vizcachal 21-05-05 3423-16.JPG
/m/035qhg,fauna,0.93549675,Lagostomus maximus K vizcachal 21-05-05 3423-17.JPG
/m/04rky,mammal,0.9245353,Lagostomus maximus K vizcachal 21-05-05 3423-17.JPG
/m/04k_6h,muridae,0.8737551,Lagostomus maximus K vizcachal 21-05-05 3423-17.JPG
/m/04rmv,mouse,0.82843506,Lagostomus maximus K vizcachal 21-05-05 3423-17.JPG
/m/01280g,wildlife,0.78106475,Lagostomus maximus K vizcachal 21-05-05 3423-17.JPG
/m/01c53d,gerbil,0.74555373,Lagostomus maximus K vizcachal 21-05-05 3423-17.JPG
/m/06lk1,rat,0.63457274,Lagostomus maximus K vizcachal 21-05-05 3423-17.JPG
/m/01yrx,cat,0.6184505,Lagostomus maximus K vizcachal 21-05-05 3423-17.JPG
/m/07k6w8,small to medium sized cats,0.5874781,Lagostomus maximus K vizcachal 21-05-05 3423-17.JPG
/m/06hps,rodent,0.53914946,Lagostomus maximus K vizcachal 21-05-05 3423-17.JPG
/m/035qhg,fauna,0.9134098,Lagostomus maximus K vizcachal 21-05-05 3423-19.JPG
/m/01280g,wildlife,0.73783344,Lagostomus maximus K vizcachal 21-05-05 3423-19.JPG
/m/01yrx,cat,0.72788054,Lagostomus maximus K vizcachal 21-05-05 3423-19.JPG
/m/01l7qd,whiskers,0.5591422,Lagostomus maximus K vizcachal 21-05-05 3423-19.JPG
/m/01yrx,cat,0.98185724,Lagostomus maximus K vizcachal 21-05-05 3423-21.JPG
/m/035qhg,fauna,0.93664336,Lagostomus maximus K vizcachal 21-05-05 3423-21.JPG
/m/07k6w8,small to medium sized cats,0.9134,Lagostomus maximus K vizcachal 21-05-05 3423-21.JPG
/m/0307l,cat like mammal,0.85267717,Lagostomus maximus K vizcachal 21-05-05 3423-21.JPG
/m/01280g,wildlife,0.8513521,Lagostomus maximus K vizcachal 21-05-05 3423-21.JPG
/m/01l7qd,whiskers,0.7550852,Lagostomus maximus K vizcachal 21-05-05 3423-21.JPG
/m/01nq_x,wild cat,0.71919304,Lagostomus maximus K vizcachal 21-05-05 3423-21.JPG
/m/06_dn,snow,0.648097,Lagostomus maximus K vizcachal 21-05-05 3423-21.JPG
/m/06z_nw,tail,0.6360225,Lagostomus maximus K vizcachal 21-05-05 3423-21.JPG
/m/03c_ndy,aegean cat,0.59376895,Lagostomus maximus K vizcachal 21-05-05 3423-21.JPG
/m/035qhg,fauna,0.9342039,Lagostomus maximus K vizcachal 21-05-05 3423-23.JPG
/m/04rky,mammal,0.92379844,Lagostomus maximus K vizcachal 21-05-05 3423-23.JPG
/m/01280g,wildlife,0.75800294,Lagostomus maximus K vizcachal 21-05-05 3423-23.JPG
/m/04k_6h,muridae,0.7398147,Lagostomus maximus K vizcachal 21-05-05 3423-23.JPG
/m/06hps,rodent,0.6194859,Lagostomus maximus K vizcachal 21-05-05 3423-23.JPG
/m/04rmv,mouse,0.61168456,Lagostomus maximus K vizcachal 21-05-05 3423-23.JPG
/m/06lk1,rat,0.5950768,Lagostomus maximus K vizcachal 21-05-05 3423-23.JPG
/m/052bc,marsupial,0.5384622,Lagostomus maximus K vizcachal 21-05-05 3423-23.JPG
/m/035qhg,fauna,0.9428955,Lagostomus maximus K vizcachal 21-05-05 3423-25.JPG
/m/06z_nw,tail,0.72370887,Lagostomus maximus K vizcachal 21-05-05 3423-25.JPG
/m/01280g,wildlife,0.711468,Lagostomus maximus K vizcachal 21-05-05 3423-25.JPG
/m/0145sj,procyonidae,0.65074074,Lagostomus maximus K vizcachal 21-05-05 3423-25.JPG
/m/0cjzq,possum,0.648602,Lagostomus maximus K vizcachal 21-05-05 3423-25.JPG
/m/052bc,marsupial,0.60552984,Lagostomus maximus K vizcachal 21-05-05 3423-25.JPG
/m/028lhq,dormouse,0.5985572,Lagostomus maximus K vizcachal 21-05-05 3423-25.JPG
/m/0dq75,raccoon,0.5913316,Lagostomus maximus K vizcachal 21-05-05 3423-25.JPG
/m/06hps,rodent,0.5852301,Lagostomus maximus K vizcachal 21-05-05 3423-25.JPG
/m/04k_6h,muridae,0.57913905,Lagostomus maximus K vizcachal 21-05-05 3423-25.JPG
/m/035qhg,fauna,0.9404972,Lagostomus maximus K vizcachal 21-05-05 3423-36.JPG
/m/04rky,mammal,0.9233676,Lagostomus maximus K vizcachal 21-05-05 3423-36.JPG
/m/01280g,wildlife,0.8236448,Lagostomus maximus K vizcachal 21-05-05 3423-36.JPG
/m/0fbf1m,terrestrial animal,0.7046805,Lagostomus maximus K vizcachal 21-05-05 3423-36.JPG
/m/052bc,marsupial,0.6974915,Lagostomus maximus K vizcachal 21-05-05 3423-36.JPG
/m/05nnm,organism,0.6261818,Lagostomus maximus K vizcachal 21-05-05 3423-36.JPG
/m/0cx37,hare,0.5995668,Lagostomus maximus K vizcachal 21-05-05 3423-36.JPG
/m/06hps,rodent,0.5106534,Lagostomus maximus K vizcachal 21-05-05 3423-36.JPG
/m/035qhg,fauna,0.9411763,Lagostomus maximus K vizcachal 21-05-05 3423-6.JPG
/m/04rky,mammal,0.9256963,Lagostomus maximus K vizcachal 21-05-05 3423-6.JPG
/m/04k_6h,muridae,0.90036124,Lagostomus maximus K vizcachal 21-05-05 3423-6.JPG
/m/04rmv,mouse,0.8626095,Lagostomus maximus K vizcachal 21-05-05 3423-6.JPG
/m/06lk1,rat,0.78659564,Lagostomus maximus K vizcachal 21-05-05 3423-6.JPG
/m/052bc,marsupial,0.7489874,Lagostomus maximus K vizcachal 21-05-05 3423-6.JPG
/m/0cjzq,possum,0.7128007,Lagostomus maximus K vizcachal 21-05-05 3423-6.JPG
/m/01280g,wildlife,0.7046922,Lagostomus maximus K vizcachal 21-05-05 3423-6.JPG
/m/02h9rm,muroidea,0.6864959,Lagostomus maximus K vizcachal 21-05-05 3423-6.JPG
/m/06hps,rodent,0.6685459,Lagostomus maximus K vizcachal 21-05-05 3423-6.JPG
/m/035qhg,fauna,0.93422747,Lagostomus maximus + raton 3733-22.JPG
/m/01280g,wildlife,0.8855677,Lagostomus maximus + raton 3733-22.JPG
/m/052bc,marsupial,0.5372972,Lagostomus maximus + raton 3733-22.JPG
/m/06z_nw,tail,0.5333093,Lagostomus maximus + raton 3733-22.JPG
/m/01280g,wildlife,0.9806647,M.gouazoubira 2004-01-03 5709-22 S.Salitral-6000.JPG
/m/09kx5,deer,0.9565887,M.gouazoubira 2004-01-03 5709-22 S.Salitral-6000.JPG
/m/035qhg,fauna,0.93702245,M.gouazoubira 2004-01-03 5709-22 S.Salitral-6000.JPG
/m/02r0zt,white tailed deer,0.84165454,M.gouazoubira 2004-01-03 5709-22 S.Salitral-6000.JPG
/m/08t9c_,grass,0.6796916,M.gouazoubira 2004-01-03 5709-22 S.Salitral-6000.JPG
/m/05gz5,national park,0.6213523,M.gouazoubira 2004-01-03 5709-22 S.Salitral-6000.JPG
/m/026545k,elk,0.6191931,M.gouazoubira 2004-01-03 5709-22 S.Salitral-6000.JPG
/m/0fbf1m,terrestrial animal,0.6169194,M.gouazoubira 2004-01-03 5709-22 S.Salitral-6000.JPG
/m/06z_nw,tail,0.5754354,M.gouazoubira 2004-01-03 5709-22 S.Salitral-6000.JPG
/m/0fsjh,antler,0.5203925,M.gouazoubira 2004-01-03 5709-22 S.Salitral-6000.JPG
/m/01280g,wildlife,0.9729434,ogeoffrogyi BP 1200 3729-26.JPG
/m/035qhg,fauna,0.9451606,ogeoffrogyi BP 1200 3729-26.JPG
/m/02mhj,ecosystem,0.9424956,ogeoffrogyi BP 1200 3729-26.JPG
/m/04rky,mammal,0.9244327,ogeoffrogyi BP 1200 3729-26.JPG
/m/05gz5,national park,0.79107517,ogeoffrogyi BP 1200 3729-26.JPG
/m/0199b0,safari,0.7493553,ogeoffrogyi BP 1200 3729-26.JPG
/m/01c7d3,savanna,0.68223464,ogeoffrogyi BP 1200 3729-26.JPG
/m/0cblv,ecoregion,0.6675312,ogeoffrogyi BP 1200 3729-26.JPG
/m/08t9c_,grass,0.6394369,ogeoffrogyi BP 1200 3729-26.JPG
/m/0fbf1m,terrestrial animal,0.6368957,ogeoffrogyi BP 1200 3729-26.JPG
/m/01280g,wildlife,0.9287842,ogeoffroyi  0823-13 Norte-5.JPG
/m/035qhg,fauna,0.9118574,ogeoffroyi  0823-13 Norte-5.JPG
/m/0307l,cat like mammal,0.89156884,ogeoffroyi  0823-13 Norte-5.JPG
/m/0fbf1m,terrestrial animal,0.86820406,ogeoffroyi  0823-13 Norte-5.JPG
/m/07k6w8,small to medium sized cats,0.85613394,ogeoffroyi  0823-13 Norte-5.JPG
/m/01nq_x,wild cat,0.719793,ogeoffroyi  0823-13 Norte-5.JPG
/m/0172jz,bobcat,0.66296387,ogeoffroyi  0823-13 Norte-5.JPG
/m/01lrl,carnivoran,0.6523482,ogeoffroyi  0823-13 Norte-5.JPG
/m/05nnm,organism,0.63436323,ogeoffroyi  0823-13 Norte-5.JPG
/m/01l7qd,whiskers,0.59896654,ogeoffroyi  0823-13 Norte-5.JPG
/m/01yrx,cat,0.9440722,Ogeoffroyi 2493-6.JPG
/m/035qhg,fauna,0.92419356,Ogeoffroyi 2493-6.JPG
/m/07k6w8,small to medium sized cats,0.92025363,Ogeoffroyi 2493-6.JPG
/m/0307l,cat like mammal,0.9101741,Ogeoffroyi 2493-6.JPG
/m/01280g,wildlife,0.87429035,Ogeoffroyi 2493-6.JPG
/m/01l7qd,whiskers,0.6812485,Ogeoffroyi 2493-6.JPG
/m/0fbf1m,terrestrial animal,0.6547787,Ogeoffroyi 2493-6.JPG
/m/0172jz,bobcat,0.6215324,Ogeoffroyi 2493-6.JPG
/m/01lrl,carnivoran,0.6079487,Ogeoffroyi 2493-6.JPG
/m/06z_nw,tail,0.60632354,Ogeoffroyi 2493-6.JPG
/m/035qhg,fauna,0.92974806,Ogeoffroyi 2493-7.JPG
/m/01280g,wildlife,0.85203576,Ogeoffroyi 2493-7.JPG
/m/01y_7,coyote,0.6147493,Ogeoffroyi 2493-7.JPG
/m/07k3c,tundra,0.55532384,Ogeoffroyi 2493-7.JPG
/m/05mqq3,snout,0.5425635,Ogeoffroyi 2493-7.JPG
/m/06z_nw,tail,0.529615,Ogeoffroyi 2493-7.JPG
/m/01lrl,carnivoran,0.5151572,Ogeoffroyi 2493-7.JPG
/m/01bqvp,sky,0.5106754,Ogeoffroyi 2493-7.JPG
/m/01280g,wildlife,0.9643694,Ogeoffroyi 2498-3.JPG
/m/0fbf1m,terrestrial animal,0.9518721,Ogeoffroyi 2498-3.JPG
/m/035qhg,fauna,0.93196905,Ogeoffroyi 2498-3.JPG
/m/04rky,mammal,0.9253426,Ogeoffroyi 2498-3.JPG
/m/02mhj,ecosystem,0.87748593,Ogeoffroyi 2498-3.JPG
/m/0307l,cat like mammal,0.762281,Ogeoffroyi 2498-3.JPG
/m/0c29q,leopard,0.7577426,Ogeoffroyi 2498-3.JPG
/m/0cdnk,big cats,0.73884016,Ogeoffroyi 2498-3.JPG
/m/05nnm,organism,0.68304616,Ogeoffroyi 2498-3.JPG
/m/01lrl,carnivoran,0.67672426,Ogeoffroyi 2498-3.JPG
/m/01yrx,cat,0.9552185,Ogeoffroyi 2502-20.JPG
/m/035qhg,fauna,0.9321989,Ogeoffroyi 2502-20.JPG
/m/07k6w8,small to medium sized cats,0.909326,Ogeoffroyi 2502-20.JPG
/m/0307l,cat like mammal,0.8115281,Ogeoffroyi 2502-20.JPG
/m/01l7qd,whiskers,0.78478336,Ogeoffroyi 2502-20.JPG
/m/01280g,wildlife,0.68273926,Ogeoffroyi 2502-20.JPG
/m/05mqq3,snout,0.59687924,Ogeoffroyi 2502-20.JPG
/m/0fbf1m,terrestrial animal,0.97174,Ogeoffroyi 3717-27.JPG
/m/01280g,wildlife,0.96521676,Ogeoffroyi 3717-27.JPG
/m/0c29q,leopard,0.9515354,Ogeoffroyi 3717-27.JPG
/m/02mhj,ecosystem,0.934467,Ogeoffroyi 3717-27.JPG
/m/035qhg,fauna,0.9299526,Ogeoffroyi 3717-27.JPG
/m/04rky,mammal,0.9255409,Ogeoffroyi 3717-27.JPG
/m/0swq_,nature reserve,0.9136186,Ogeoffroyi 3717-27.JPG
/m/0307l,cat like mammal,0.86939824,Ogeoffroyi 3717-27.JPG
/m/0449p,jaguar,0.8577959,Ogeoffroyi 3717-27.JPG
/m/0cd4d,cheetah,0.8023436,Ogeoffroyi 3717-27.JPG
/m/01280g,wildlife,0.9579584,Ogeoffroyi 3735-18.JPG
/m/035qhg,fauna,0.92836654,Ogeoffroyi 3735-18.JPG
/m/04rky,mammal,0.9255607,Ogeoffroyi 3735-18.JPG
/m/0swq_,nature reserve,0.9082001,Ogeoffroyi 3735-18.JPG
/m/02mhj,ecosystem,0.8811515,Ogeoffroyi 3735-18.JPG
/m/0307l,cat like mammal,0.84335613,Ogeoffroyi 3735-18.JPG
/m/0fbf1m,terrestrial animal,0.840408,Ogeoffroyi 3735-18.JPG
/m/05gz5,national park,0.74672115,Ogeoffroyi 3735-18.JPG
/m/0cdnk,big cats,0.6933792,Ogeoffroyi 3735-18.JPG
/m/0199b0,safari,0.689988,Ogeoffroyi 3735-18.JPG
/m/035qhg,fauna,0.92175543,Ogeoffroyi 3735-32.JPG
/m/02mhj,ecosystem,0.9093825,Ogeoffroyi 3735-32.JPG
/m/05nnm,organism,0.6608283,Ogeoffroyi 3735-32.JPG
/m/0838f,water,0.6209562,Ogeoffroyi 3735-32.JPG
/m/01sfb5,underwater,0.6136278,Ogeoffroyi 3735-32.JPG
/m/01280g,wildlife,0.59136313,Ogeoffroyi 3735-32.JPG
/m/08t9c_,grass,0.5525117,Ogeoffroyi 3735-32.JPG
/m/035qhg,fauna,0.94581085,Ogeoffroyi 3735-33.JPG
/m/04rky,mammal,0.9247019,Ogeoffroyi 3735-33.JPG
/m/01280g,wildlife,0.8821942,Ogeoffroyi 3735-33.JPG
/m/08t9c_,grass,0.6540604,Ogeoffroyi 3735-33.JPG
/m/052bc,marsupial,0.6283355,Ogeoffroyi 3735-33.JPG
/m/0fbf1m,terrestrial animal,0.61763906,Ogeoffroyi 3735-33.JPG
/m/06z_nw,tail,0.56850135,Ogeoffroyi 3735-33.JPG
/m/035qhg,fauna,0.93937564,Ogeoffroyi 3735-36.JPG
/m/04rky,mammal,0.92485654,Ogeoffroyi 3735-36.JPG
/m/0307l,cat like mammal,0.91030186,Ogeoffroyi 3735-36.JPG
/m/01280g,wildlife,0.90676355,Ogeoffroyi 3735-36.JPG
/m/07k6w8,small to medium sized cats,0.90443635,Ogeoffroyi 3735-36.JPG
/m/0fbf1m,terrestrial animal,0.89354193,Ogeoffroyi 3735-36.JPG
/m/01yrx,cat,0.78799325,Ogeoffroyi 3735-36.JPG
/m/01lrl,carnivoran,0.7221132,Ogeoffroyi 3735-36.JPG
/m/05nnm,organism,0.68307513,Ogeoffroyi 3735-36.JPG
/m/06z_nw,tail,0.6728427,Ogeoffroyi 3735-36.JPG
/m/035qhg,fauna,0.92955756,ogeoffroyi  4963-12 Norte-1.JPG
/m/01280g,wildlife,0.8233437,ogeoffroyi  4963-12 Norte-1.JPG
/m/05nnm,organism,0.6870479,ogeoffroyi  4963-12 Norte-1.JPG
/m/01d74z,night,0.62217826,ogeoffroyi  4963-12 Norte-1.JPG
/m/01lrl,carnivoran,0.6022072,ogeoffroyi  4963-12 Norte-1.JPG
/m/0fbf1m,terrestrial animal,0.5806054,ogeoffroyi  4963-12 Norte-1.JPG
/m/01280g,wildlife,0.9656714,ogeoffroyi 4974-20 Sur-3.JPG
/m/0fbf1m,terrestrial animal,0.9327939,ogeoffroyi 4974-20 Sur-3.JPG
/m/04rky,mammal,0.9256855,ogeoffroyi 4974-20 Sur-3.JPG
/m/035qhg,fauna,0.92537457,ogeoffroyi 4974-20 Sur-3.JPG
/m/0307l,cat like mammal,0.8507732,ogeoffroyi 4974-20 Sur-3.JPG
/m/0199b0,safari,0.73898476,ogeoffroyi 4974-20 Sur-3.JPG
/m/01lrl,carnivoran,0.71708184,ogeoffroyi 4974-20 Sur-3.JPG
/m/01c7d3,savanna,0.7135134,ogeoffroyi 4974-20 Sur-3.JPG
/m/0c29q,leopard,0.70770526,ogeoffroyi 4974-20 Sur-3.JPG
/m/0cd4d,cheetah,0.69717157,ogeoffroyi 4974-20 Sur-3.JPG
/m/0fbf1m,terrestrial animal,0.97218317,Oncifelis geoffroyi BP 22000 14-05-05 3732-12.JPG
/m/035qhg,fauna,0.9360908,Oncifelis geoffroyi BP 22000 14-05-05 3732-12.JPG
/m/01280g,wildlife,0.93418795,Oncifelis geoffroyi BP 22000 14-05-05 3732-12.JPG
/m/04rky,mammal,0.9262966,Oncifelis geoffroyi BP 22000 14-05-05 3732-12.JPG
/m/07k6w8,small to medium sized cats,0.9066596,Oncifelis geoffroyi BP 22000 14-05-05 3732-12.JPG
/m/0307l,cat like mammal,0.90439445,Oncifelis geoffroyi BP 22000 14-05-05 3732-12.JPG
/m/05nnm,organism,0.7079322,Oncifelis geoffroyi BP 22000 14-05-05 3732-12.JPG
/m/01j33z,viverridae,0.7027175,Oncifelis geoffroyi BP 22000 14-05-05 3732-12.JPG
/m/01lrl,carnivoran,0.6846796,Oncifelis geoffroyi BP 22000 14-05-05 3732-12.JPG
/m/0cd4d,cheetah,0.6754704,Oncifelis geoffroyi BP 22000 14-05-05 3732-12.JPG
/m/035qhg,fauna,0.94053006,Oncifelis geoffroyi BP 22000 14-05-05 3732-13.JPG
/m/04rky,mammal,0.9258875,Oncifelis geoffroyi BP 22000 14-05-05 3732-13.JPG
/m/0fbf1m,terrestrial animal,0.850052,Oncifelis geoffroyi BP 22000 14-05-05 3732-13.JPG
/m/01280g,wildlife,0.8353144,Oncifelis geoffroyi BP 22000 14-05-05 3732-13.JPG
/m/01l7qd,whiskers,0.7350572,Oncifelis geoffroyi BP 22000 14-05-05 3732-13.JPG
/m/0307l,cat like mammal,0.73227304,Oncifelis geoffroyi BP 22000 14-05-05 3732-13.JPG
/m/05nnm,organism,0.70318085,Oncifelis geoffroyi BP 22000 14-05-05 3732-13.JPG
/m/06z_nw,tail,0.6950162,Oncifelis geoffroyi BP 22000 14-05-05 3732-13.JPG
/m/01lrl,carnivoran,0.6882159,Oncifelis geoffroyi BP 22000 14-05-05 3732-13.JPG
/m/07dm6,tiger,0.6623544,Oncifelis geoffroyi BP 22000 14-05-05 3732-13.JPG
/m/035qhg,fauna,0.91909236,Oncifelis geoffroyi B. Rococo 5-05-05 3731-30.JPG
/m/01280g,wildlife,0.70420325,Oncifelis geoffroyi B. Rococo 5-05-05 3731-30.JPG
/m/05nnm,organism,0.65096134,Oncifelis geoffroyi B. Rococo 5-05-05 3731-30.JPG
/m/03xxp,invertebrate,0.5843944,Oncifelis geoffroyi B. Rococo 5-05-05 3731-30.JPG
/m/08t9c_,grass,0.5663057,Oncifelis geoffroyi B. Rococo 5-05-05 3731-30.JPG
/m/01lrl,carnivoran,0.55350864,Oncifelis geoffroyi B. Rococo 5-05-05 3731-30.JPG
/m/01yrx,cat,0.9821841,Oncifelis geoffroyi B. Rococo 5-05-05 3731-31.JPG
/m/07k6w8,small to medium sized cats,0.9237423,Oncifelis geoffroyi B. Rococo 5-05-05 3731-31.JPG
/m/0307l,cat like mammal,0.9158775,Oncifelis geoffroyi B. Rococo 5-05-05 3731-31.JPG
/m/035qhg,fauna,0.8887231,Oncifelis geoffroyi B. Rococo 5-05-05 3731-31.JPG
/m/01l7qd,whiskers,0.80786014,Oncifelis geoffroyi B. Rococo 5-05-05 3731-31.JPG
/m/01lrl,carnivoran,0.5683924,Oncifelis geoffroyi B. Rococo 5-05-05 3731-31.JPG
/m/0hjzp,kitten,0.5374819,Oncifelis geoffroyi B. Rococo 5-05-05 3731-31.JPG
/m/06z_nw,tail,0.5296965,Oncifelis geoffroyi B. Rococo 5-05-05 3731-31.JPG
/m/012c9l,domestic short haired cat,0.52914816,Oncifelis geoffroyi B. Rococo 5-05-05 3731-31.JPG
/m/0cnmr,fur,0.5031425,Oncifelis geoffroyi B. Rococo 5-05-05 3731-31.JPG
/m/035qhg,fauna,0.9384494,Oncifelis geoffroyi B. Rococo 5-05-05 3731-33.JPG
/m/04rky,mammal,0.9259668,Oncifelis geoffroyi B. Rococo 5-05-05 3731-33.JPG
/m/0fbf1m,terrestrial animal,0.9255869,Oncifelis geoffroyi B. Rococo 5-05-05 3731-33.JPG
/m/01280g,wildlife,0.8812538,Oncifelis geoffroyi B. Rococo 5-05-05 3731-33.JPG
/m/0307l,cat like mammal,0.86387634,Oncifelis geoffroyi B. Rococo 5-05-05 3731-33.JPG
/m/07k6w8,small to medium sized cats,0.819704,Oncifelis geoffroyi B. Rococo 5-05-05 3731-33.JPG
/m/01nq_x,wild cat,0.79753566,Oncifelis geoffroyi B. Rococo 5-05-05 3731-33.JPG
/m/01lrl,carnivoran,0.75266707,Oncifelis geoffroyi B. Rococo 5-05-05 3731-33.JPG
/m/05nnm,organism,0.73994315,Oncifelis geoffroyi B. Rococo 5-05-05 3731-33.JPG
/m/01l7qd,whiskers,0.73585737,Oncifelis geoffroyi B. Rococo 5-05-05 3731-33.JPG
/m/0fbf1m,terrestrial animal,0.98012227,Oncifelis geoffroyi B. Rococo 5-05-05 3731-34.JPG
/m/01280g,wildlife,0.9472409,Oncifelis geoffroyi B. Rococo 5-05-05 3731-34.JPG
/m/035qhg,fauna,0.9408724,Oncifelis geoffroyi B. Rococo 5-05-05 3731-34.JPG
/m/04rky,mammal,0.9263638,Oncifelis geoffroyi B. Rococo 5-05-05 3731-34.JPG
/m/0307l,cat like mammal,0.89403796,Oncifelis geoffroyi B. Rococo 5-05-05 3731-34.JPG
/m/07k6w8,small to medium sized cats,0.8748956,Oncifelis geoffroyi B. Rococo 5-05-05 3731-34.JPG
/m/0cd4d,cheetah,0.8395698,Oncifelis geoffroyi B. Rococo 5-05-05 3731-34.JPG
/m/01lrl,carnivoran,0.76167846,Oncifelis geoffroyi B. Rococo 5-05-05 3731-34.JPG
/m/05nnm,organism,0.71940416,Oncifelis geoffroyi B. Rococo 5-05-05 3731-34.JPG
/m/0cdnk,big cats,0.65596634,Oncifelis geoffroyi B. Rococo 5-05-05 3731-34.JPG
/m/01280g,wildlife,0.9594336,P.concolor 2003-12-27 5695-14 B.Principal-6000.JPG
/m/035qhg,fauna,0.9321034,P.concolor 2003-12-27 5695-14 B.Principal-6000.JPG
/m/04rky,mammal,0.9245735,P.concolor 2003-12-27 5695-14 B.Principal-6000.JPG
/m/096mb,lion,0.90716034,P.concolor 2003-12-27 5695-14 B.Principal-6000.JPG
/m/0fbf1m,terrestrial animal,0.8743527,P.concolor 2003-12-27 5695-14 B.Principal-6000.JPG
/m/0307l,cat like mammal,0.80082697,P.concolor 2003-12-27 5695-14 B.Principal-6000.JPG
/m/0cdnk,big cats,0.74470216,P.concolor 2003-12-27 5695-14 B.Principal-6000.JPG
/m/027ylld,puma,0.60223085,P.concolor 2003-12-27 5695-14 B.Principal-6000.JPG
/m/089v3,zoo,0.59462875,P.concolor 2003-12-27 5695-14 B.Principal-6000.JPG
/m/08t9c_,grass,0.5945233,P.concolor 2003-12-27 5695-14 B.Principal-6000.JPG
/m/0k0pj,nose,0.87407,Pconcolor 2494-23.JPG
/m/01z5f,dog like mammal,0.8120145,Pconcolor 2494-23.JPG
/m/035qhg,fauna,0.7978938,Pconcolor 2494-23.JPG
/m/02xl47d,dog breed group,0.6990193,Pconcolor 2494-23.JPG
/m/01lrl,carnivoran,0.6353273,Pconcolor 2494-23.JPG
/m/06z_nw,tail,0.63355964,Pconcolor 2494-23.JPG
/m/05mqq3,snout,0.61250615,Pconcolor 2494-23.JPG
/m/035qhg,fauna,0.9423957,Pconcolor 2502-3.JPG
/m/01280g,wildlife,0.9269825,Pconcolor 2502-3.JPG
/m/0fbf1m,terrestrial animal,0.82960147,Pconcolor 2502-3.JPG
/m/06z_nw,tail,0.6520203,Pconcolor 2502-3.JPG
/m/08t9c_,grass,0.5575605,Pconcolor 2502-3.JPG
/m/04c0y,kangaroo,0.5256067,Pconcolor 2502-3.JPG
/m/01280g,wildlife,0.9506131,Pconcolor 2511-5.JPG
/m/035qhg,fauna,0.9295649,Pconcolor 2511-5.JPG
/m/096mb,lion,0.8910767,Pconcolor 2511-5.JPG
/m/0fbf1m,terrestrial animal,0.8615609,Pconcolor 2511-5.JPG
/m/0307l,cat like mammal,0.75434667,Pconcolor 2511-5.JPG
/m/0cdnk,big cats,0.71873665,Pconcolor 2511-5.JPG
/m/01lrl,carnivoran,0.6296021,Pconcolor 2511-5.JPG
/m/027ylld,puma,0.61472,Pconcolor 2511-5.JPG
/m/089v3,zoo,0.53274965,Pconcolor 2511-5.JPG
/m/035qhg,fauna,0.93921655,Pconcolor 3714-17.JPG
/m/01280g,wildlife,0.90006685,Pconcolor 3714-17.JPG
/m/0fbf1m,terrestrial animal,0.87935257,Pconcolor 3714-17.JPG
/m/05nnm,organism,0.7264012,Pconcolor 3714-17.JPG
/m/06z_nw,tail,0.6533393,Pconcolor 3714-17.JPG
/m/0307l,cat like mammal,0.5896069,Pconcolor 3714-17.JPG
/m/08t9c_,grass,0.5583407,Pconcolor 3714-17.JPG
/m/01lrl,carnivoran,0.53988886,Pconcolor 3714-17.JPG
/m/0cdnk,big cats,0.53655374,Pconcolor 3714-17.JPG
/m/01280g,wildlife,0.95930487,Pconcolor 3718-11.JPG
/m/0fbf1m,terrestrial animal,0.9396232,Pconcolor 3718-11.JPG
/m/035qhg,fauna,0.93830484,Pconcolor 3718-11.JPG
/m/04rky,mammal,0.9239292,Pconcolor 3718-11.JPG
/m/096mb,lion,0.85125506,Pconcolor 3718-11.JPG
/m/0307l,cat like mammal,0.80330676,Pconcolor 3718-11.JPG
/m/027ylld,puma,0.7597474,Pconcolor 3718-11.JPG
/m/0cdnk,big cats,0.71287525,Pconcolor 3718-11.JPG
/m/0kff3,cougar,0.6596906,Pconcolor 3718-11.JPG
/m/05nnm,organism,0.6088608,Pconcolor 3718-11.JPG
/m/01280g,wildlife,0.94420356,Pconcolor 3718-7.JPG
/m/0fbf1m,terrestrial animal,0.938879,Pconcolor 3718-7.JPG
/m/04rky,mammal,0.9247543,Pconcolor 3718-7.JPG
/m/035qhg,fauna,0.92146826,Pconcolor 3718-7.JPG
/m/0307l,cat like mammal,0.8733042,Pconcolor 3718-7.JPG
/m/027ylld,puma,0.85967153,Pconcolor 3718-7.JPG
/m/096mb,lion,0.77652407,Pconcolor 3718-7.JPG
/m/0cdnk,big cats,0.7034868,Pconcolor 3718-7.JPG
/m/0kff3,cougar,0.67798525,Pconcolor 3718-7.JPG
/m/01lrl,carnivoran,0.609975,Pconcolor 3718-7.JPG
/m/01280g,wildlife,0.9585556,Pconcolor 3735-31.JPG
/m/035qhg,fauna,0.93921137,Pconcolor 3735-31.JPG
/m/04rky,mammal,0.9256673,Pconcolor 3735-31.JPG
/m/0fbf1m,terrestrial animal,0.9024553,Pconcolor 3735-31.JPG
/m/096mb,lion,0.8322636,Pconcolor 3735-31.JPG
/m/0307l,cat like mammal,0.8239706,Pconcolor 3735-31.JPG
/m/0cdnk,big cats,0.7011908,Pconcolor 3735-31.JPG
/m/06z_nw,tail,0.6392798,Pconcolor 3735-31.JPG
/m/01lrl,carnivoran,0.6331076,Pconcolor 3735-31.JPG
/m/0fy9p2,mane,0.5414831,Pconcolor 3735-31.JPG
/m/01280g,wildlife,0.9540644,Pconcolor 3739-26.JPG
/m/035qhg,fauna,0.9445129,Pconcolor 3739-26.JPG
/m/04rky,mammal,0.92643243,Pconcolor 3739-26.JPG
/m/0307l,cat like mammal,0.89689934,Pconcolor 3739-26.JPG
/m/07k6w8,small to medium sized cats,0.886805,Pconcolor 3739-26.JPG
/m/0kff3,cougar,0.7416098,Pconcolor 3739-26.JPG
/m/027ylld,puma,0.73318124,Pconcolor 3739-26.JPG
/m/0172jz,bobcat,0.67982596,Pconcolor 3739-26.JPG
/m/01y_7,coyote,0.6385265,Pconcolor 3739-26.JPG
/m/01lrl,carnivoran,0.5878848,Pconcolor 3739-26.JPG
/m/01280g,wildlife,0.96637154,Pconcolor 3739-27.JPG
/m/035qhg,fauna,0.9465174,Pconcolor 3739-27.JPG
/m/04rky,mammal,0.9261668,Pconcolor 3739-27.JPG
/m/01y_7,coyote,0.8481374,Pconcolor 3739-27.JPG
/m/08t9c_,grass,0.7656059,Pconcolor 3739-27.JPG
/m/02r5q6,red fox,0.7226196,Pconcolor 3739-27.JPG
/m/06z_nw,tail,0.66040844,Pconcolor 3739-27.JPG
/m/07k6w8,small to medium sized cats,0.64041144,Pconcolor 3739-27.JPG
/m/0307l,cat like mammal,0.6292181,Pconcolor 3739-27.JPG
/m/02dcv,dhole,0.6021278,Pconcolor 3739-27.JPG
/m/01280g,wildlife,0.9418972,Pconcolor 596-35.JPG
/m/035qhg,fauna,0.9355503,Pconcolor 596-35.JPG
/m/0fbf1m,terrestrial animal,0.7174587,Pconcolor 596-35.JPG
/m/06z_nw,tail,0.6566188,Pconcolor 596-35.JPG
/m/05mqq3,snout,0.5563603,Pconcolor 596-35.JPG
/m/035qhg,fauna,0.94207627,P.concolor B-Rancho Chico 3715-20.JPG
/m/01280g,wildlife,0.9254014,P.concolor B-Rancho Chico 3715-20.JPG
/m/0fbf1m,terrestrial animal,0.73263425,P.concolor B-Rancho Chico 3715-20.JPG
/m/0307l,cat like mammal,0.658827,P.concolor B-Rancho Chico 3715-20.JPG
/m/01lrl,carnivoran,0.64438146,P.concolor B-Rancho Chico 3715-20.JPG
/m/027ylld,puma,0.63850796,P.concolor B-Rancho Chico 3715-20.JPG
/m/096mb,lion,0.6054864,P.concolor B-Rancho Chico 3715-20.JPG
/m/06z_nw,tail,0.5859055,P.concolor B-Rancho Chico 3715-20.JPG
/m/0cdnk,big cats,0.5785411,P.concolor B-Rancho Chico 3715-20.JPG
/m/0kff3,cougar,0.53317964,P.concolor B-Rancho Chico 3715-20.JPG
/m/04rky,mammal,0.9229249,P.concolor B.Solano-5000 3716-15.JPG
/m/035qhg,fauna,0.9007794,P.concolor B.Solano-5000 3716-15.JPG
/m/0307l,cat like mammal,0.8934941,P.concolor B.Solano-5000 3716-15.JPG
/m/07k6w8,small to medium sized cats,0.8634966,P.concolor B.Solano-5000 3716-15.JPG
/m/01280g,wildlife,0.8331702,P.concolor B.Solano-5000 3716-15.JPG
/m/01l7qd,whiskers,0.7868119,P.concolor B.Solano-5000 3716-15.JPG
/m/027ylld,puma,0.6265981,P.concolor B.Solano-5000 3716-15.JPG
/m/01yrx,cat,0.61378235,P.concolor B.Solano-5000 3716-15.JPG
/m/05mqq3,snout,0.6058026,P.concolor B.Solano-5000 3716-15.JPG
/m/0kff3,cougar,0.5269589,P.concolor B.Solano-5000 3716-15.JPG
/m/035qhg,fauna,0.9449194,P.concolor B.Solano-5000 3738-2.JPG
/m/04rky,mammal,0.92472905,P.concolor B.Solano-5000 3738-2.JPG
/m/01280g,wildlife,0.90720344,P.concolor B.Solano-5000 3738-2.JPG
/m/0fbf1m,terrestrial animal,0.7584335,P.concolor B.Solano-5000 3738-2.JPG
/m/06z_nw,tail,0.7114643,P.concolor B.Solano-5000 3738-2.JPG
/m/05nnm,organism,0.63171464,P.concolor B.Solano-5000 3738-2.JPG
/m/027ylld,puma,0.60907733,P.concolor B.Solano-5000 3738-2.JPG
/m/0307l,cat like mammal,0.60599345,P.concolor B.Solano-5000 3738-2.JPG
/m/0kff3,cougar,0.6036636,P.concolor B.Solano-5000 3738-2.JPG
/m/01z5f,dog like mammal,0.9457515,P.gymnocercus 2003-12-26 5701-11 S.Ana-0.JPG
/m/035qhg,fauna,0.9391413,P.gymnocercus 2003-12-26 5701-11 S.Ana-0.JPG
/m/01280g,wildlife,0.8695926,P.gymnocercus 2003-12-26 5701-11 S.Ana-0.JPG
/m/01y_7,coyote,0.8658513,P.gymnocercus 2003-12-26 5701-11 S.Ana-0.JPG
/m/084sq,wolf,0.81067055,P.gymnocercus 2003-12-26 5701-11 S.Ana-0.JPG
/m/0441k,jackal,0.7911626,P.gymnocercus 2003-12-26 5701-11 S.Ana-0.JPG
/m/02jj3m,wolfdog,0.75195897,P.gymnocercus 2003-12-26 5701-11 S.Ana-0.JPG
/m/0b3s8y,czechoslovakian wolfdog,0.6391373,P.gymnocercus 2003-12-26 5701-11 S.Ana-0.JPG
/m/028y5g,saarloos wolfdog,0.6338788,P.gymnocercus 2003-12-26 5701-11 S.Ana-0.JPG
/m/01lrl,carnivoran,0.58175874,P.gymnocercus 2003-12-26 5701-11 S.Ana-0.JPG
/m/035qhg,fauna,0.9447755,pgymnocercus 9209-8 Sta.Ana-6000.jpg
/m/04rky,mammal,0.9253925,pgymnocercus 9209-8 Sta.Ana-6000.jpg
/m/01z5f,dog like mammal,0.9090558,pgymnocercus 9209-8 Sta.Ana-6000.jpg
/m/01280g,wildlife,0.8897037,pgymnocercus 9209-8 Sta.Ana-6000.jpg
/m/01y_7,coyote,0.77145094,pgymnocercus 9209-8 Sta.Ana-6000.jpg
/m/01lrl,carnivoran,0.6005736,pgymnocercus 9209-8 Sta.Ana-6000.jpg
/m/05mqq3,snout,0.5552897,pgymnocercus 9209-8 Sta.Ana-6000.jpg
/m/0441k,jackal,0.5128044,pgymnocercus 9209-8 Sta.Ana-6000.jpg
/m/035qhg,fauna,0.94484645,pgymnocercus 9209-9 Sta.Ana-6000.jpg
/m/01z5f,dog like mammal,0.9339747,pgymnocercus 9209-9 Sta.Ana-6000.jpg
/m/01y_7,coyote,0.9294588,pgymnocercus 9209-9 Sta.Ana-6000.jpg
/m/04rky,mammal,0.92575395,pgymnocercus 9209-9 Sta.Ana-6000.jpg
/m/01280g,wildlife,0.91663945,pgymnocercus 9209-9 Sta.Ana-6000.jpg
/m/0441k,jackal,0.9052071,pgymnocercus 9209-9 Sta.Ana-6000.jpg
/m/01lrl,carnivoran,0.63766813,pgymnocercus 9209-9 Sta.Ana-6000.jpg
/m/027tn4,kit fox,0.5473074,pgymnocercus 9209-9 Sta.Ana-6000.jpg
/m/05mqq3,snout,0.5162415,pgymnocercus 9209-9 Sta.Ana-6000.jpg
/m/06z_nw,tail,0.5095156,pgymnocercus 9209-9 Sta.Ana-6000.jpg
/m/04rky,mammal,0.9244694,Pgymnocercus-cara 596-37.JPG
/m/035qhg,fauna,0.92246145,Pgymnocercus-cara 596-37.JPG
/m/01280g,wildlife,0.87793016,Pgymnocercus-cara 596-37.JPG
/m/01y_7,coyote,0.8431472,Pgymnocercus-cara 596-37.JPG
/m/01z5f,dog like mammal,0.8264153,Pgymnocercus-cara 596-37.JPG
/m/0cnmr,fur,0.65497345,Pgymnocercus-cara 596-37.JPG
/m/0306r,fox,0.6196316,Pgymnocercus-cara 596-37.JPG
/m/0441k,jackal,0.6055468,Pgymnocercus-cara 596-37.JPG
/m/05mqq3,snout,0.60494316,Pgymnocercus-cara 596-37.JPG
/m/01lrl,carnivoran,0.51908207,Pgymnocercus-cara 596-37.JPG
/m/01280g,wildlife,0.9189927,P.onca 2003-12-20 5695-3 B.Principal-6000.JPG
/m/035qhg,fauna,0.91342425,P.onca 2003-12-20 5695-3 B.Principal-6000.JPG
/m/07j7r,tree,0.73340863,P.onca 2003-12-20 5695-3 B.Principal-6000.JPG
/m/05nnm,organism,0.68729746,P.onca 2003-12-20 5695-3 B.Principal-6000.JPG
/m/08t9c_,grass,0.65453917,P.onca 2003-12-20 5695-3 B.Principal-6000.JPG
/m/0838f,water,0.50724036,P.onca 2003-12-20 5695-3 B.Principal-6000.JPG
/m/01280g,wildlife,0.984702,P.onca 2004-01-08 5713-6 B. Gareca-6000.JPG
/m/0c29q,leopard,0.9716929,P.onca 2004-01-08 5713-6 B. Gareca-6000.JPG
/m/035qhg,fauna,0.9417694,P.onca 2004-01-08 5713-6 B. Gareca-6000.JPG
/m/02mhj,ecosystem,0.93778634,P.onca 2004-01-08 5713-6 B. Gareca-6000.JPG
/m/04rky,mammal,0.92642283,P.onca 2004-01-08 5713-6 B. Gareca-6000.JPG
/m/0449p,jaguar,0.90490365,P.onca 2004-01-08 5713-6 B. Gareca-6000.JPG
/m/01c7cq,grassland,0.89720964,P.onca 2004-01-08 5713-6 B. Gareca-6000.JPG
/m/0fbf1m,terrestrial animal,0.89300627,P.onca 2004-01-08 5713-6 B. Gareca-6000.JPG
/m/0cd4d,cheetah,0.88767934,P.onca 2004-01-08 5713-6 B. Gareca-6000.JPG
/m/0swq_,nature reserve,0.86364853,P.onca 2004-01-08 5713-6 B. Gareca-6000.JPG
/m/01280g,wildlife,0.9335136,ponca 2493-5.JPG
/m/04rky,mammal,0.92380196,ponca 2493-5.JPG
/m/0c29q,leopard,0.9221476,ponca 2493-5.JPG
/m/0449p,jaguar,0.90636444,ponca 2493-5.JPG
/m/035qhg,fauna,0.89933753,ponca 2493-5.JPG
/m/0307l,cat like mammal,0.8596048,ponca 2493-5.JPG
/m/01sfb5,underwater,0.81726706,ponca 2493-5.JPG
/m/0cdnk,big cats,0.8031172,ponca 2493-5.JPG
/m/0fbf1m,terrestrial animal,0.7761171,ponca 2493-5.JPG
/m/05nnm,organism,0.77375895,ponca 2493-5.JPG
/m/04rky,mammal,0.9264474,ponca 9209-13 Sta.Ana-6000.jpg
/m/0449p,jaguar,0.7859686,ponca 9209-13 Sta.Ana-6000.jpg
/m/01lrl,carnivoran,0.7178587,ponca 9209-13 Sta.Ana-6000.jpg
/m/0cdnk,big cats,0.6910966,ponca 9209-13 Sta.Ana-6000.jpg
/m/05nnm,organism,0.68711585,ponca 9209-13 Sta.Ana-6000.jpg
/m/01d74z,night,0.68393415,ponca 9209-13 Sta.Ana-6000.jpg
/m/01280g,wildlife,0.63872904,ponca 9209-13 Sta.Ana-6000.jpg
/m/01kyr8,darkness,0.6279182,ponca 9209-13 Sta.Ana-6000.jpg
/m/0c29q,leopard,0.6019734,ponca 9209-13 Sta.Ana-6000.jpg
/m/05mqq3,snout,0.5305318,ponca 9209-13 Sta.Ana-6000.jpg
/m/035qhg,fauna,0.935268,Pseudalopex gymnocercus B. Rococo 1-05-05 3731-27.JPG
/m/04rky,mammal,0.9254615,Pseudalopex gymnocercus B. Rococo 1-05-05 3731-27.JPG
/m/01280g,wildlife,0.8939863,Pseudalopex gymnocercus B. Rococo 1-05-05 3731-27.JPG
/m/0441k,jackal,0.88474196,Pseudalopex gymnocercus B. Rococo 1-05-05 3731-27.JPG
/m/01z5f,dog like mammal,0.85895306,Pseudalopex gymnocercus B. Rococo 1-05-05 3731-27.JPG
/m/01y_7,coyote,0.82523555,Pseudalopex gymnocercus B. Rococo 1-05-05 3731-27.JPG
/m/0fbf1m,terrestrial animal,0.7778449,Pseudalopex gymnocercus B. Rococo 1-05-05 3731-27.JPG
/m/03mr8x,grey fox,0.7492145,Pseudalopex gymnocercus B. Rococo 1-05-05 3731-27.JPG
/m/0306r,fox,0.7242936,Pseudalopex gymnocercus B. Rococo 1-05-05 3731-27.JPG
/m/027tn4,kit fox,0.6918533,Pseudalopex gymnocercus B. Rococo 1-05-05 3731-27.JPG
/m/01280g,wildlife,0.9471066,Puma concolor B. Rococo 3-04-05 3727-19.JPG
/m/035qhg,fauna,0.938959,Puma concolor B. Rococo 3-04-05 3727-19.JPG
/m/0fbf1m,terrestrial animal,0.9369445,Puma concolor B. Rococo 3-04-05 3727-19.JPG
/m/04rky,mammal,0.9253122,Puma concolor B. Rococo 3-04-05 3727-19.JPG
/m/027ylld,puma,0.8711998,Puma concolor B. Rococo 3-04-05 3727-19.JPG
/m/096mb,lion,0.86426055,Puma concolor B. Rococo 3-04-05 3727-19.JPG
/m/0307l,cat like mammal,0.8549459,Puma concolor B. Rococo 3-04-05 3727-19.JPG
/m/0cdnk,big cats,0.7379839,Puma concolor B. Rococo 3-04-05 3727-19.JPG
/m/0kff3,cougar,0.72690207,Puma concolor B. Rococo 3-04-05 3727-19.JPG
/m/05nnm,organism,0.68167084,Puma concolor B. Rococo 3-04-05 3727-19.JPG
/m/01280g,wildlife,0.90139914,Puma concolor Salitral 3730-22.JPG
/m/035qhg,fauna,0.86485386,Puma concolor Salitral 3730-22.JPG
/m/0fbf1m,terrestrial animal,0.7358684,Puma concolor Salitral 3730-22.JPG
/m/096mb,lion,0.7290892,Puma concolor Salitral 3730-22.JPG
/m/0307l,cat like mammal,0.7034055,Puma concolor Salitral 3730-22.JPG
/m/0cdnk,big cats,0.6262895,Puma concolor Salitral 3730-22.JPG
/m/0199b0,safari,0.5488433,Puma concolor Salitral 3730-22.JPG
/m/06z_nw,tail,0.50722635,Puma concolor Salitral 3730-22.JPG
/m/035qhg,fauna,0.9232858,R.americana 2003-12-31 5707-30 Gareca-6000.JPG
/m/02mhj,ecosystem,0.9213805,R.americana 2003-12-31 5707-30 Gareca-6000.JPG
/m/015p6,bird,0.90182954,R.americana 2003-12-31 5707-30 Gareca-6000.JPG
/m/0swq_,nature reserve,0.8841873,R.americana 2003-12-31 5707-30 Gareca-6000.JPG
/m/01c4kr,crane like bird,0.8629317,R.americana 2003-12-31 5707-30 Gareca-6000.JPG
/m/01c43w,crane,0.83553135,R.americana 2003-12-31 5707-30 Gareca-6000.JPG
/m/01280g,wildlife,0.8182186,R.americana 2003-12-31 5707-30 Gareca-6000.JPG
/m/05n4y,ostrich,0.682386,R.americana 2003-12-31 5707-30 Gareca-6000.JPG
/m/01c4rd,beak,0.68223286,R.americana 2003-12-31 5707-30 Gareca-6000.JPG
/m/0cblv,ecoregion,0.67621595,R.americana 2003-12-31 5707-30 Gareca-6000.JPG
/m/01c791,freezing,0.81902534,ramericana 5299-4 Gareca-2000.JPG
/m/01bqvp,sky,0.7438963,ramericana 5299-4 Gareca-2000.JPG
/m/03qqnt,flightless bird,0.68038493,ramericana 5299-4 Gareca-2000.JPG
/m/06_dn,snow,0.65917903,ramericana 5299-4 Gareca-2000.JPG
/m/086mh,winter,0.6281037,ramericana 5299-4 Gareca-2000.JPG
/m/03vtj,ice,0.598598,ramericana 5299-4 Gareca-2000.JPG
/m/015p6,bird,0.587496,ramericana 5299-4 Gareca-2000.JPG
/m/09738,arctic,0.5776247,ramericana 5299-4 Gareca-2000.JPG
/m/0dfgf,feather,0.5260138,ramericana 5299-4 Gareca-2000.JPG
/m/01280g,wildlife,0.52581257,ramericana 5299-4 Gareca-2000.JPG
/m/05n4y,ostrich,0.9645575,R.americana 5713-13 Gareca-6000.JPG
/m/01553z,ratite,0.9588733,R.americana 5713-13 Gareca-6000.JPG
/m/0k64b,emu,0.9240365,R.americana 5713-13 Gareca-6000.JPG
/m/035qhg,fauna,0.92399824,R.americana 5713-13 Gareca-6000.JPG
/m/02mhj,ecosystem,0.8992325,R.americana 5713-13 Gareca-6000.JPG
/m/015p6,bird,0.8988314,R.americana 5713-13 Gareca-6000.JPG
/m/03qqnt,flightless bird,0.88620514,R.americana 5713-13 Gareca-6000.JPG
/m/01280g,wildlife,0.8103446,R.americana 5713-13 Gareca-6000.JPG
/m/01c4rd,beak,0.77143997,R.americana 5713-13 Gareca-6000.JPG
/m/029r6z,casuariiformes,0.6196651,R.americana 5713-13 Gareca-6000.JPG
/m/01280g,wildlife,0.9347491,Ttajacu 2493-25.JPG
/m/035qhg,fauna,0.9292313,Ttajacu 2493-25.JPG
/m/0swq_,nature reserve,0.8956491,Ttajacu 2493-25.JPG
/m/068zj,pig,0.87820685,Ttajacu 2493-25.JPG
/m/0dr47,wild boar,0.85935783,Ttajacu 2493-25.JPG
/m/020bgr,pig like mammal,0.84720254,Ttajacu 2493-25.JPG
/m/05gz5,national park,0.7842324,Ttajacu 2493-25.JPG
/m/0fbf1m,terrestrial animal,0.7769819,Ttajacu 2493-25.JPG
/m/0199b0,safari,0.74886954,Ttajacu 2493-25.JPG
/m/0f1pg,peccary,0.73314226,Ttajacu 2493-25.JPG
/m/035qhg,fauna,0.941911,T.terrestris 2004-01-11 5715-8 S.Ana-4000.JPG
/m/04rky,mammal,0.92381865,T.terrestris 2004-01-11 5715-8 S.Ana-4000.JPG
/m/01280g,wildlife,0.7801802,T.terrestris 2004-01-11 5715-8 S.Ana-4000.JPG
/m/05mqq3,snout,0.7256327,T.terrestris 2004-01-11 5715-8 S.Ana-4000.JPG
/m/01kz1l,tapir,0.68670315,T.terrestris 2004-01-11 5715-8 S.Ana-4000.JPG
/m/0fbf1m,terrestrial animal,0.6626155,T.terrestris 2004-01-11 5715-8 S.Ana-4000.JPG
/m/08t9c_,grass,0.59665024,T.terrestris 2004-01-11 5715-8 S.Ana-4000.JPG
/m/035qhg,fauna,0.9419798,visca 3728-10.JPG
/m/04k_6h,muridae,0.7245166,visca 3728-10.JPG
/m/06z_nw,tail,0.71288425,visca 3728-10.JPG
/m/0307l,cat like mammal,0.616298,visca 3728-10.JPG
/m/07k6w8,small to medium sized cats,0.5978982,visca 3728-10.JPG
/m/01yrx,cat,0.59483165,visca 3728-10.JPG
/m/06lk1,rat,0.59238,visca 3728-10.JPG
/m/0cjzq,possum,0.57730967,visca 3728-10.JPG
/m/052bc,marsupial,0.5379639,visca 3728-10.JPG
/m/01c53d,gerbil,0.5185077,visca 3728-10.JPG
/m/035qhg,fauna,0.94106936,visca 3728-13 rasca.JPG
/m/01280g,wildlife,0.8451523,visca 3728-13 rasca.JPG
/m/01y_7,coyote,0.6643073,visca 3728-13 rasca.JPG
/m/052bc,marsupial,0.6481665,visca 3728-13 rasca.JPG
/m/05nnm,organism,0.6092024,visca 3728-13 rasca.JPG
/m/06z_nw,tail,0.6076374,visca 3728-13 rasca.JPG
/m/035qhg,fauna,0.9278456,visca 3728-26.JPG
/m/052bc,marsupial,0.733262,visca 3728-26.JPG
/m/04k_6h,muridae,0.69717187,visca 3728-26.JPG
/m/0mb5g,wallaby,0.5844673,visca 3728-26.JPG
/m/01c53d,gerbil,0.58323616,visca 3728-26.JPG
/m/06hps,rodent,0.5695853,visca 3728-26.JPG
/m/06lk1,rat,0.5651194,visca 3728-26.JPG
/m/035qhg,fauna,0.9264241,visca 3734-16.JPG
/m/04rky,mammal,0.922818,visca 3734-16.JPG
/m/06lk1,rat,0.73345137,visca 3734-16.JPG
/m/052bc,marsupial,0.66610914,visca 3734-16.JPG
/m/06hps,rodent,0.64610803,visca 3734-16.JPG
/m/01280g,wildlife,0.6268563,visca 3734-16.JPG
/m/0fbf1m,terrestrial animal,0.5443395,visca 3734-16.JPG
/m/04k_6h,muridae,0.5327122,visca 3734-16.JPG
/m/01c53d,gerbil,0.52624947,visca 3734-16.JPG
/m/035qhg,fauna,0.9170385,visca 3734-28.JPG
/m/01yrx,cat,0.6432359,visca 3734-28.JPG
/m/07k6w8,small to medium sized cats,0.5992951,visca 3734-28.JPG
/m/06hps,rodent,0.5522799,visca 3734-28.JPG
/m/0307l,cat like mammal,0.5415599,visca 3734-28.JPG
/m/01280g,wildlife,0.52459097,visca 3734-28.JPG
/m/035qhg,fauna,0.9349145,visca 3734-29.JPG
/m/04k_6h,muridae,0.71977043,visca 3734-29.JPG
/m/01280g,wildlife,0.6606738,visca 3734-29.JPG
/m/05nnm,organism,0.64382803,visca 3734-29.JPG
/m/052bc,marsupial,0.6282688,visca 3734-29.JPG
/m/0fbf1m,terrestrial animal,0.61127853,visca 3734-29.JPG
/m/06hps,rodent,0.5614163,visca 3734-29.JPG
/m/06lk1,rat,0.5457531,visca 3734-29.JPG
/m/035qhg,fauna,0.93346655,visca 3734-30.JPG
/m/01280g,wildlife,0.7507818,visca 3734-30.JPG
/m/052bc,marsupial,0.52038795,visca 3734-30.JPG
/m/035qhg,fauna,0.9382242,visca 3734-31.JPG
/m/01fh07,macropodidae,0.87248933,visca 3734-31.JPG
/m/0mb5g,wallaby,0.83144253,visca 3734-31.JPG
/m/01280g,wildlife,0.8132459,visca 3734-31.JPG
/m/04c0y,kangaroo,0.7677894,visca 3734-31.JPG
/m/052bc,marsupial,0.6945603,visca 3734-31.JPG
/m/06z_nw,tail,0.51976,visca 3734-31.JPG
/m/035qhg,fauna,0.94209915,visca 3734-3.JPG
/m/01yrx,cat,0.9264482,visca 3734-3.JPG
/m/04rky,mammal,0.924852,visca 3734-3.JPG
/m/07k6w8,small to medium sized cats,0.89538044,visca 3734-3.JPG
/m/01280g,wildlife,0.88827294,visca 3734-3.JPG
/m/0307l,cat like mammal,0.79828995,visca 3734-3.JPG
/m/06z_nw,tail,0.68457586,visca 3734-3.JPG
/m/01l7qd,whiskers,0.6302905,visca 3734-3.JPG
/m/01nq_x,wild cat,0.6250458,visca 3734-3.JPG
/m/05nnm,organism,0.61876255,visca 3734-3.JPG
/m/035qhg,fauna,0.94528055,visca 3743-23.JPG
/m/04rky,mammal,0.9248064,visca 3743-23.JPG
/m/04k_6h,muridae,0.7796811,visca 3743-23.JPG
/m/01280g,wildlife,0.7752773,visca 3743-23.JPG
/m/052bc,marsupial,0.7641932,visca 3743-23.JPG
/m/04rmv,mouse,0.72130024,visca 3743-23.JPG
/m/06z_nw,tail,0.6187931,visca 3743-23.JPG
/m/05nnm,organism,0.610413,visca 3743-23.JPG
/m/01c53d,gerbil,0.60839814,visca 3743-23.JPG
/m/06lk1,rat,0.59937567,visca 3743-23.JPG
/m/01280g,wildlife,0.95475024,visca 3743-24.JPG
/m/035qhg,fauna,0.94347525,visca 3743-24.JPG
/m/04rky,mammal,0.92596865,visca 3743-24.JPG
/m/01y_7,coyote,0.8252775,visca 3743-24.JPG
/m/01z5f,dog like mammal,0.70666826,visca 3743-24.JPG
/m/06z_nw,tail,0.6516879,visca 3743-24.JPG
/m/0441k,jackal,0.5668519,visca 3743-24.JPG
/m/01lrl,carnivoran,0.5496959,visca 3743-24.JPG
/m/035qhg,fauna,0.9388881,visca 3743-4.JPG
/m/04rky,mammal,0.92636156,visca 3743-4.JPG
/m/0mb5g,wallaby,0.8761064,visca 3743-4.JPG
/m/052bc,marsupial,0.81986094,visca 3743-4.JPG
/m/01280g,wildlife,0.7927344,visca 3743-4.JPG
/m/06lk1,rat,0.7580111,visca 3743-4.JPG
/m/04rmv,mouse,0.7203721,visca 3743-4.JPG
/m/04k_6h,muridae,0.71095717,visca 3743-4.JPG
/m/0dq75,raccoon,0.6692203,visca 3743-4.JPG
/m/05nnm,organism,0.63780457,visca 3743-4.JPG
/m/04rky,mammal,0.9259151,visca 3743-8.JPG
/m/035qhg,fauna,0.9246054,visca 3743-8.JPG
/m/04k_6h,muridae,0.86478543,visca 3743-8.JPG
/m/06lk1,rat,0.86209697,visca 3743-8.JPG
/m/01c53d,gerbil,0.81480086,visca 3743-8.JPG
/m/04rmv,mouse,0.7987145,visca 3743-8.JPG
/m/02h9rm,muroidea,0.7815452,visca 3743-8.JPG
/m/028lhq,dormouse,0.7563044,visca 3743-8.JPG
/m/06hps,rodent,0.7236331,visca 3743-8.JPG
/m/052bc,marsupial,0.6584047,visca 3743-8.JPG
/m/01280g,wildlife,0.95776194,viscacha 3718-10.JPG
/m/035qhg,fauna,0.94511443,viscacha 3718-10.JPG
/m/04rky,mammal,0.92352736,viscacha 3718-10.JPG
/m/0mb5g,wallaby,0.89717376,viscacha 3718-10.JPG
/m/01fh07,macropodidae,0.86515033,viscacha 3718-10.JPG
/m/04c0y,kangaroo,0.8315519,viscacha 3718-10.JPG
/m/052bc,marsupial,0.8172983,viscacha 3718-10.JPG
/m/0fbf1m,terrestrial animal,0.6467613,viscacha 3718-10.JPG
/m/05nnm,organism,0.63908833,viscacha 3718-10.JPG
/m/08t9c_,grass,0.58080345,viscacha 3718-10.JPG
